id;character;origin_dialogue;translated_dialogue
ASGD027GL;Gloria;Oh, no!;โธ่ ไม่นะ!
ASGD028RA;Raz;What?;อะไรเหรอ?
ASGD029GL;Gloria;This little guy looks terrible.;เจ้าหนูนี่ดูแย่จังเลย
ASGD030GL;Gloria;My oh my. Winter sure was hard on this poor, old garden. I've got a lot of work to do when I get back, eh?;โอ้ ตายจริง หน้าหนาวเล่นงานสวนเก่าๆ ที่น่าสงสารของฉันซะยับเลย กลับไปคราวนี้ฉันคงต้องทำงานหนักหน่อยแล้วสิเนี่ย
ASGD001GL;Gloria;Thank you, all of you! You're all so kind! You make a girl so happy!;ขอบคุณทุกคนมากเลยนะ! ทุกคนใจดีกับฉันมากเลย! ทำให้สาวน้อยคนนี้มีความสุขจริงๆ!
ASGD003GL;Gloria;You must be my new leading man. Aren't you handsome! But my gracious, you're so young! Tell me WHY do they keep casting me with such mere babes? I guess that's the curse of having an eternally young face.;นายนี่คงเป็นพระเอกใหม่ของฉันสินะ หล่อเหลาเอาการเลยนี่! แต่คุณพระช่วย ทำไมนายเด็กจังเลยล่ะเนี่ย? บอกฉันซิ ทำไมพวกเขาถึงชอบให้ฉันเล่นคู่กับเด็กๆ แบบนี้อยู่เรื่อยเลย? ฉันว่านี่คงเป็นคำสาปของการมีใบหน้าที่อ่อนเยาว์ตลอดกาลล่ะมั้ง
ASGD004GL;Gloria;Come, Sweetie! Take a bow! Gloria Von Gouten is not afraid to share the spotlight!;มาเลยจ๊ะ ที่รัก! โค้งคำนับหน่อยสิ! กลอเรีย วอน โกเตน ไม่กลัวที่จะแบ่งแสงสปอตไลท์ให้ใครหรอกนะ!
ASGD012GL;Gloria;It's talent that lands the statues, boy! Come here! Let me show you my award!;มันคือพรสวรรค์ต่างหากล่ะที่ทำให้ได้รางวัลน่ะ นาย! มานี่สิ! เดี๋ยวฉันจะโชว์รางวัลของฉันให้ดู!
ASGD013GL;Gloria;Ahhh!;อ๊า!
ASGD015RA;Raz;Ms. Von Gouton?;คุณ วอน โกเตน?
ASGD022GL;Gloria;What's that, boy? I heard you! You think I'm old, washed-up, a has-been. I'll show you!;อะไรนะ นายว่าไงนะ? ฉันได้ยินหมดแหละ! นายคิดว่าฉันแก่ เป็นพวกตกยุค หมดสภาพแล้วใช่ไหม? ฉันจะทำให้นายเห็น!
ASGD023RA;Raz;Ahhhh!;อ๊า!
ASGD031GL;Gloria;Ah, you decided to take one last curtain call after all! How nice!;อ๊ะ ในที่สุดนายก็ตัดสินใจกลับมารับคำชมรอบสุดท้ายจนได้สินะ! ดีจังเลย!
ASGD032GL;Gloria;I knew you'd return to the stage someday! They all do!;ฉันรู้ว่าสักวันนายน่ะต้องกลับมาที่เวทีอีกครั้ง! พวกเขาก็เป็นกันทั้งนั้นแหละ!
ASGD033GL;Gloria;We've lost some of our best actors to this whole television thing, but I tell you it's just a fad!;เราสูญเสียนักแสดงที่ดีที่สุดไปให้กับเรื่องโทรทัศน์นี่เยอะเลย แต่ฉันบอกเลยนะว่ามันก็แค่กระแสน่ะ!
ASGD034GL;Gloria;Oh, please. It is my policy not to receive gifts from fans, because they already give me so much!;โอ๊ย ไม่ต้องเลย นี่คือนโยบายของฉัน ฉันไม่รับของขวัญจากแฟนคลับ เพราะพวกเขาก็มอบอะไรให้ฉันเยอะมากพอแล้ว!
ASGD035GL;Gloria;Is that for my hair? Thank you, but I bring my own hairdresser to every production.;นี่จะเอามาให้ฉันทำผมเหรอ? ขอบใจนะ แต่ฉันมีช่างทำผมส่วนตัวมาเองทุกงานจ้ะ
ASGD036GL;Gloria;Really! In my day, child, we didn't need props. We acted!;จริงเหรอ! สมัยฉันเด็กๆ พวกเราไม่ต้องใช้พร็อพอะไรเลยนะ พวกเราแสดงเองทั้งนั้น!
ASGD037GL;Gloria;Oh, my robe, how nice of you. Not quite ready to go in yet, though, dear.;โอ้ เสื้อคลุมของฉัน ขอบใจนะ แต่ฉันยังไม่พร้อมที่จะเข้าไปข้างในตอนนี้หรอกจ้ะ ที่รัก
ASGD038GL;Gloria;Oh! Oh, my! What happened? Did I faint again and not notice?;โอ้! โอ้ ตายแล้ว! เกิดอะไรขึ้นเนี่ย? ฉันเป็นลมไปอีกแล้วเหรอเนี่ย แต่ไม่รู้ตัว?
ASGD041GL;Gloria;Please excuse me, but your taking me away from the fans.;ขอโทษนะ แต่การกระทำของนายมันพรากฉันไปจากแฟนๆ นะ
ASGD042GL;Gloria;Oh, pardon me!;โอ้ ขอโทษที!
ASGD043GL;Gloria;You know, a better director wouldn't let us walk on each other like this.;รู้ไหม ผู้กำกับที่ดีกว่านี้คงไม่ปล่อยให้เราเดินชนกันแบบนี้หรอกนะ
ASGD044GL;Gloria;Why, isn't that nice?;ทำไมนายน่ารักอย่างนี้ล่ะ?
ASGD045GL;Gloria;Oooh, that's not very nice.;โอ้ อย่างนี้ไม่น่ารักเลยนะ
ASGD046GL;Gloria;Oh, my no. Not a standing ovation. Please! I don't deserve that! Oh...;โอ๊ย ไม่นะ ไม่ใช่การยืนปรบมือให้เกียรติ ได้โปรด! ฉันไม่สมควรได้รับมันขนาดนั้นหรอก! โอ้...
ASGD047GL;Gloria;Please, don't bother my audience.;ได้โปรด อย่ารบกวนผู้ชมของฉันเลย
ASGD048GL;Gloria;Please don't do that.;ได้โปรดอย่าทำแบบนั้น
ASGD049GL;Gloria;Oh, my! Usher!;โอ้ ตายแล้ว! เจ้าหน้าที่!
ASGD050RA;Raz;I'll talk to her as soon as her performance is over.;เดี๋ยวผมจะคุยกับเธอทันทีที่การแสดงจบลง
ASGD051RA;Raz;This audience is dead. I don't see any green on it anywhere.;คนดูนี่ดับสนิท ผมไม่เห็นสีเขียวๆ เลย
ASBF001ED;Edgar;Yes, go, please. My thoughts are hideous enough to myself. No one should have to suffer them but I.;ใช่ ไปได้เลย ขอร้องล่ะ แค่ความคิดของฉันมันก็น่าขยะแขยงสำหรับฉันมากพอแล้ว ไม่ควรมีใครต้องทนทุกข์กับมันนอกจากฉันอีก
ASBL001RA;Raz;Rrrrrr!;รรรร!
ASBL002LI;Lili;Rrrrr!;รรรร!
ASBL003LI;Lili;Man that lock's tough!;ให้ตาย ล็อคบ้านี่มันแข็งจริงๆ!
ASBL004RA;Raz;Yeah. I think we're definitely going to need Sasha and Milla's help with this one.;ใช่ ผมว่างานนี้เราคงต้องขอความช่วยเหลือจาก ซาช่า ไนน์ กับ มิลล่า แน่นอน
ASBL005LI;Lili;Yeah. You keep saying that.;ใช่ นายพูดแบบนี้มาตลอดเลย
ASBO001BO;Boyd;Ah! Who are you working for?;อ๊ะ! แกทำงานให้ใครกัน?
ASBO002RA;Raz;Wh--uh... I'm with the Psychonauts!;ผะ เอ่อ... ผมอยู่กับ ไซโคนอท!
ASBO003BO;Boyd;The who? Oh, that doesn't fit in. That doesn't fit in at all. Maybe I've got this all wrong!;เดอะอะไรนะ? โอ้ มันไม่เข้ากัน มันไม่เข้ากันเลยสักนิด บางทีฉันอาจจะคิดผิดไปเองก็ได้!
ASBO004RA;Raz;Who do YOU work for?;แล้วแกทำงานให้ใคร?
ASBO005BO;Boyd;I'm the guard. I've been fully trained.;ฉันเป็นยาม ฉันได้รับการฝึกมาอย่างดี
ASBO006RA;Raz;You gotta let me in! My friend's in there!;แกต้องให้ฉันเข้าไปนะ! เพื่อนฉันอยู่ในนั้น!
ASBO007BO;Boyd;Sorry, the Milkman has the key. I am not the Milkman. I'm the guard.;เสียใจด้วย คนส่งนมเป็นคนถือลูกกุญแจ ฉันไม่ใช่คนส่งนม ฉันเป็นยาม
ASBO008RA;Raz;Where's the Milkman?;คนส่งนมอยู่ที่ไหน?
ASBO009BO;Boyd;I'll bet he's sleeping on the job. His milk is delicious. Everybody wants it. He'll be here soon.;ฉันพนันได้เลยว่าเขากำลังแอบหลับในเวลางาน นมของเขาน่ะอร่อย ใครๆ ก็อยากได้ เดี๋ยวเขาก็มา
ASBO010BO;Boyd;Then the lies will end.;แล้วเรื่องโกหกก็จะจบลง
ASBR001BO;Boyd;...the Milkman...;...คนส่งนม...
ASBR002BO;Boyd;...those little green cops...;...พวกตำรวจตัวเขียวๆ...
ASBR003BO;Boyd;...the military-industrial complex...;...กลุ่มอุตสาหกรรมทหาร...
ASBR004BO;Boyd;...the suits...;...พวกสูท...
ASBR005BO;Boyd;...the analyticals, man...;...พวกนักวิเคราะห์...
ASBR006BO;Boyd;...those Bermuda Triangle sharks;...ฉลามในสามเหลี่ยมเบอร์มิวดา...
ASBR007BO;Boyd;...all them haters...;...พวกขี้อิจฉาทั้งหลาย...
ASBR008BO;Boyd;...Hernando...;...เฮอร์นันโด...
ASBR009BO;Boyd;...that little fat kid with the bunny...;...เด็กอ้วนๆ ที่มีตุ๊กตากระต่าย...
ASBR010BO;Boyd;...the doctors back at the clinic...;...พวกหมอที่คลินิก...
ASBR011BO;Boyd;...the pelicans...;...นกกระทุง...
ASBR012BO;Boyd;...the squirrels...;...กระรอก...
ASBR013BO;Boyd;...the manager of that boy band...;...ผู้จัดการวงบอยแบนด์วงนั้น...
ASBR014BO;Boyd;...those eggheads in their ivory tower...;...พวกหัวไข่ในหอคอยงาช้าง...
ASBR015BO;Boyd;...that guy with the eye patch...;...ไอ้หมอนั่นที่ใส่ที่ปิดตา...
ASBR016BO;Boyd;...the psychowhatsits...;...พวกไซโคอะไรนั่น...
ASBR017BO;Boyd;...the freaky hunchback girl who loves brains so much...;...ยัยเด็กหลังค่อมที่คลั่งสมองมากๆ...
ASBR018BO;Boyd;...the dairy industry...;...อุตสาหกรรมนม...
ASBR019BO;Boyd;...the kid with the goggles...;...เด็กที่ใส่แว่นกันลม...
ASBR020BO;Boyd;...the dog track regulators...;...หน่วยงานกำกับดูแลสนามแข่งสุนัข...
ASBR021BO;Boyd;...the tuna canneries...;...โรงงานปลากระป๋อง...
ASBR022BO;Boyd;...the national park system...;...ระบบอุทยานแห่งชาติ...
ASBR023BO;Boyd;...big oil...;...บริษัทยักษ์ใหญ่น้ำมัน...
ASBR024BO;Boyd;...organized labor...;...สหภาพแรงงาน...
ASBR025BO;Boyd;...the rodeo clown cartel...;...กลุ่มนักแสดงโรดิโอ...
ASBR026BO;Boyd;...the media...;...สื่อ...
ASBR027BO;Boyd;...the cows...;...วัว...
ASBR028BO;Boyd;...foreign toy makers...;...ผู้ผลิตของเล่นต่างชาติ...
ASBR030BO;Boyd;...the intelligencia...;...ปัญญาชน...
ASBR031BO;Boyd;...the fluoride producers;...ผู้ผลิตฟลูออไรด์...
ASBR032BO;Boyd;...a secret doomsday cult...;...ลัทธิวันสิ้นโลก...
ASBR033BO;Boyd;...the president's brother...;...น้องชายประธานาธิบดี...
ASBR034BO;Boyd;...my first cat Seymour...;...ซิมัวร์ แมวตัวแรกของฉัน...
ASBR035BO;Boyd;...one of my nostril hairs...;...ขนจมูกของฉันเส้นหนึ่ง...
ASBR036BO;Boyd;...the intelligence community...;...หน่วยข่าวกรอง...
ASBR037BO;Boyd;...the five richest families in the country...;...ห้าตระกูลที่รวยที่สุดในประเทศ...
ASBR038BO;Boyd;...all those stupid crows...;...ไอ้พวกอีกาโง่ๆ...
ASBR039BO;Boyd;...some sort of power, you know...;...พลังอะไรสักอย่างน่ะ...
ASBR040BO;Boyd;...and...;...และ...
ASBR041BO;Boyd;...or else, maybe...;...หรือไม่ก็ บางที...
ASBR042BO;Boyd;...no, no, wait. I mean...;...ไม่ๆ เดี๋ยวก่อน ฉันหมายถึง...
ASBR043BO;Boyd;...in conjunction with...;...ร่วมกับ...
ASBR044BO;Boyd;...with the full blessing of...;...ด้วยพรอย่างเต็มที่จาก...
ASBR045BO;Boyd;...with the backing of...;...ด้วยการสนับสนุนจาก...
ASBR046BO;Boyd;...who are merely the pawns of...;...ซึ่งเป็นแค่เบี้ยของ...
ASBR047BO;Boyd;...who are the puppet masters of...;...ที่เป็นคนชักใยของ...
ASBR048BO;Boyd;...went to the prom with...;...ไปงานพรอมกับ...
ASBR049BO;Boyd;...ate a whole jar of olives with...;...กินมะกอกทั้งขวดกับ...
ASBR050BO;Boyd;...are working for...;...กำลังทำงานให้...
ASBR051BO;Boyd;...are telling my location to...;...กำลังบอกตำแหน่งของฉันให้...
ASBR052BO;Boyd;...made a deal back in '68 with...;...ทำข้อตกลงไว้ตั้งแต่ปี 68 กับ...
ASBR053BO;Boyd;...sold their soul to...;...ขายวิญญาณให้...
ASBR054BO;Boyd;...are controlled by...;...ถูกควบคุมโดย...
ASBR055BO;Boyd;...bought votes to protect...;...ซื้อเสียงเพื่อปกป้อง...
ASBR056BO;Boyd;...are doing the dirty work of...;...กำลังทำงานสกปรกให้...
ASBR057BO;Boyd;...got in bed with...;...ขึ้นเตียงกับ...
ASBR058BO;Boyd;...signed a secret treaty with...;...เซ็นสนธิสัญญาลับกับ...
ASBR059BO;Boyd;...has been officially linked with...;...ได้รับการเชื่อมโยงอย่างเป็นทางการกับ...
ASBR060BO;Boyd;...know the truth.;...รู้ความจริง
ASBR061BO;Boyd;...won't stop visiting me.;...ไม่ยอมหยุดมาหาฉัน
ASBR062BO;Boyd;...keep sparring with me.;...เอาแต่ซ้อมมวยกับฉัน
ASBR063BO;Boyd;...have been spitting on me all day.;...ถ่มน้ำลายใส่ฉันทั้งวัน
ASBR064BO;Boyd;...do this horrible thing, but in conjunction with who? Or whom?;...ทำเรื่องแย่ๆ นี่ แต่ร่วมมือกับใคร? หรือผู้ใด?
ASBR065BO;Boyd;...are crawling all over my skin.;...กำลังไต่ยั้วเยี้ยอยู่บนผิวฉัน
ASBR066BO;Boyd;...bit me all night so I couldn't sleep.;...กัดฉันทั้งคืนจนนอนไม่หลับ
ASBR067BO;Boyd;...have everyone fooled.;...หลอกทุกคนได้หมด
ASBR068BO;Boyd;...were digging away at the plastics.;...กำลังขุดพลาสติกออกไป
ASBR069BO;Boyd;...were dialing in through the optics.;...กำลังโทรเข้ามาผ่านเลนส์
ASBR070BO;Boyd;...stole my theories and reprinted them incorrectly, to discredit them.;...ขโมยทฤษฎีของฉันไปพิมพ์ใหม่แบบผิดๆ เพื่อทำลายความน่าเชื่อถือ
ASBR071BO;Boyd;...are not to be trusted.;...ไม่น่าไว้ใจ
ASBR072BO;Boyd;...have been living off the teat of the dairy industry.;...ใช้ชีวิตอยู่กับการรีดนมจากอุตสาหกรรมนม
ASBR073BO;Boyd;...have been fixing oil prices...;...กำหนดราคาน้ำมัน...
ASBR074BO;Boyd;...assassinated the one man in their way...;...ลอบสังหารคนที่ขวางทางพวกเขา...
ASBR075BO;Boyd;...pretty much control everything.;...ควบคุมทุกอย่างเกือบทั้งหมด
ASBR076BO;Boyd;...pick who lives and who dies and what the football scores are going to be every week.;...เลือกได้ว่าใครจะอยู่ใครจะไป และผลบอลจะเป็นยังไงทุกสัปดาห์
ASBR077BO;Boyd;...and they obviously...;...และเห็นได้ชัดว่าพวกเขา...
ASBR078BO;Boyd;...and I know they...;...และฉันรู้ว่าพวกเขา...
ASBR079BO;Boyd;...but they can't hide that they...;...แต่พวกเขาซ่อนไม่ได้ว่าพวกเขา...
ASBR080BO;Boyd;...ha! Like I don't know that they...;...ฮ่า อย่างกับว่าฉันไม่รู้ว่าพวกเขา...
ASBR081BO;Boyd;...and, let's just say for now that they...;...และเอาเป็นว่าตอนนี้พวกเขา...
ASBR082BO;Boyd;...and, if I know anything, I know that they...;...และถ้าฉันรู้อะไรสักอย่าง ฉันรู้ว่าพวกเขา...
ASBR083BO;Boyd;...and sure as the nose on my face, I am sure they...;...และมั่นใจได้เลยว่าพวกเขา...
ASBR084BO;Boyd;...to get ...;...เพื่อเอา...
ASBR085BO;Boyd;...because they want ...;...เพราะพวกเขาต้องการ...
ASBR086BO;Boyd;...in order to monopolize...;...เพื่อผูกขาด...
ASBR087BO;Boyd;...to keep down...;...เพื่อกดขี่...
ASBR088BO;Boyd;...so the people never find out about...;...เพื่อให้ประชาชนไม่รู้เรื่อง...
ASBR089BO;Boyd;...and who wins? Them. Who loses?;...แล้วใครชนะ? พวกเขา ใครแพ้?
ASBR090BO;Boyd;...all in a big fight over...;...ทั้งหมดนี้เป็นการต่อสู้ครั้งใหญ่เพื่อ...
ASBR091BO;Boyd;...the truth.;...ความจริง
ASBR092BO;Boyd;...all of us.;...พวกเราทุกคน
ASBR093BO;Boyd;...the whole sack of lies.;...เรื่องโกหกทั้งหมด
ASBR094BO;Boyd;...the innocents.;...ผู้บริสุทธิ์
ASBR095BO;Boyd;...the biggest conspiracy of all.;...แผนการร้ายที่ใหญ่ที่สุด
ASBR096BO;Boyd;...the infrastructure.;...โครงสร้างพื้นฐาน
ASBR097BO;Boyd;...the lap belt, man.;...เข็มขัดนิรภัย
ASBR098BO;Boyd;...the water supply.;...แหล่งน้ำ
ASBR099BO;Boyd;...the rotundra.;...โรทันดรา
ASBR100BO;Boyd;...the A.M. tenderizer.;...เครื่องทำเนื้อนุ่มตอนเช้า
ASBR101BO;Boyd;...last specimen of the super-virus.;...ตัวอย่างสุดท้ายของซุปเปอร์ไวรัส
ASBR102BO;Boyd;...the witnesses.;...พยาน
ASBR103BO;Boyd;...my hooch.;...เหล้าเถื่อนของฉัน
ASBR104BO;Boyd;...the hanging udders.;...นมที่ห้อยย้อย
ASBR105BO;Boyd;...a clean-burning, perpetual energy source.;...แหล่งพลังงานสะอาดที่ไม่มีวันหมด
ASBR106BO;Boyd;...a religious artifact with supposedly unimaginable powers.;...วัตถุทางศาสนาที่มีพลังเหนือจินตนาการ
ASBR107BO;Boyd;...exactly what, nobody knows.;...ไม่มีใครรู้ว่ามันคืออะไรกันแน่
ASBR108BO;Boyd;How long do they think they can hide that?;พวกเขาคิดว่าจะซ่อนเรื่องนี้ได้นานแค่ไหนกัน?
ASBR109BO;Boyd;I mean, who do they think they're fooling?;ฉันหมายถึง พวกเขาคิดว่ากำลังหลอกใครกัน?
ASBR110BO;Boyd;Can I really be the only person who sees this?;ฉันเป็นคนเดียวจริงๆ เหรอที่เห็นเรื่องนี้?
ASBR111BO;Boyd;Someone has to get this information to the people.;ต้องมีใครสักคนเอาข้อมูลนี้ไปบอกประชาชน
ASBR112BO;Boyd;If they find out I know this stuff, I'm dead.;ถ้าพวกเขารู้ว่าฉันรู้เรื่องนี้ ฉันตายแน่
ASBR113BO;Boyd;Oh, man. This stuff is hot.;โอ้ ให้ตายสิ เรื่องนี้มันแรงมาก
ASBR114BO;Boyd;...since the year dot.;...ตั้งแต่สมัยโบราณ
ASBR115BO;Boyd;...right under people's noses!;...อยู่ตรงหน้าต่อหน้าทุกคน!
ASBR116BO;Boyd;...and nobody seems to care!;...แต่ดูเหมือนจะไม่มีใครสนใจ!
ASBR117BO;Boyd;Visiting hours are over!;หมดเวลาเยี่ยมแล้ว!
ASBR118BO;Boyd;Why does that hydrant keep looking at me?;ทำไมหัวดับเพลิงนั่นเอาแต่มองฉัน?
ASBR119BO;Boyd;You can pass it over the counter, but that don't make it over the counter!;แกจะส่งอะไรมาก็ส่งมาเหอะ แต่มันไม่ได้ทำให้สถานการณ์ดีขึ้นหรอก!
ASBR120BO;Boyd;No insubordination, right boss? Right?;ไม่มีการขัดคำสั่ง ใช่ไหมเจ้านาย? ใช่ไหม?
ASBR121BO;Boyd;Okay, Boss?;โอเค เจ้านาย?
ASBR122BO;Boyd;Hey, where is the boss?;เฮ้ เจ้านายไปไหน?
ASBR123BO;Boyd;Ignore it, Cooper!;เมินมันไป คูเปอร์!
ASBR124BO;Boyd;I have to get rid of some of this stuff!;ฉันต้องกำจัดเรื่องพวกนี้ออกไปบ้าง!
ASBR125BO;Boyd;I have to stay focused.;ฉันต้องมีสมาธิ
ASBR126BO;Boyd;No distractions!;อย่าเสียสมาธิ!
ASBR127BO;Boyd;What???;อะไรนะ???
ASBR128BO;Boyd;Oh, that doesn't fit. That doesn't fit at all.;โอ้ มันไม่เข้ากัน มันไม่เข้ากันเลย
ASBR129BO;Boyd;Well, maybe if I forget about that other part.;งั้น บางทีถ้าฉันลืมเรื่องอื่นไปบ้าง
ASBR130BO;Boyd;Wait, why did I say that?;เดี๋ยวนะ ทำไมฉันถึงพูดแบบนั้น?
ASBR131BO;Boyd;Oh, Boyd. You've got this all wrong.;โอ้ บอยด์ นายคิดผิดไปหมดแล้ว
ASBR132BO;Boyd;Did I just think that? Or did someone MAKE me think it?;เมื่อกี้ฉันคิดเอง หรือมีใครทำให้ฉันคิด?
ASBR133BO;Boyd;But when that happens, they turn it into CHOCOLATE milk, and nobody can tell the difference!;แต่พอเป็นอย่างนั้น พวกเขาก็จะเปลี่ยนมันเป็นนมช็อกโกแลต แล้วก็ไม่มีใครแยกออก!
ASBR134BO;Boyd;You know what I mean? Amounts tendered? Yeah?;นายเข้าใจใช่ไหม? จำนวนที่ยื่นประมูลน่ะ? ใช่ไหม?
ASBR135BO;Boyd;The squirrels... have eyes.;กระรอก... มีตา
ASBR136BO;Boyd;Listen to me, listen to me, LISTEN TO ME!;ฟังฉันนะ ฟังฉัน ฟังฉัน!
ASBR137BO;Boyd;Shut up, shut up, SHUT UP!;หุบปาก หุบปาก หุบปาก!
ASBR138BO;Boyd;Shhh! No, wait. Say that again?;ชู่ว! ไม่สิ เดี๋ยวก่อน พูดอีกทีสิ?
ASBR139BO;Boyd;They think the windows are tinted, but they ain't tinted nearly enough!;พวกเขาคิดว่ากระจกมันติดฟิล์ม แต่จริงๆ มันไม่เข้มพอ!
ASBR140BO;Boyd;Of course the milk's got spider webs in it! Taste it!;แน่นอนว่านมมันมีใยแมงมุมอยู่! ลองชิมดูสิ!
ASBR141BO;Boyd;I scream, you scream, we all scream, we all scream...;ฉันกรีดร้อง เธอกรีดร้อง พวกเรากรีดร้อง พวกเรากรีดร้อง...
ASBR142BO;Boyd;The ice cream's in the web, the web is in the cream.;ไอศกรีมอยู่ในใย ใยอยู่ในครีม
ASBR143BO;Boyd;Oh, you think that's regular yarn, do you?;โอ้ นายคิดว่านั่นเป็นแค่เส้นด้ายธรรมดาๆ งั้นเหรอ?
ASBR144BO;Boyd;They come, they whisper, they watch, they chop, chop, chop.;พวกเขามา พวกเขากระซิบ พวกเขาดู พวกเขาตัด ตัด ตัด
ASBR145BO;Boyd;What's that on your head? That's no hat. Maybe you could tell your hat to shut up? Or at least, ask me the right questions?;นั่นอะไรอยู่บนหัวนาย? นั่นไม่ใช่หมวก บางทีนายอาจจะบอกให้หมวกของนายหุบปาก หรืออย่างน้อยก็ถามคำถามที่ถูกต้องกับฉัน?
ASBR146BO;Boyd;I wonder if I'm on camera right now. Ha! What, am I crazy? Of course I am!;ฉันสงสัยว่าตอนนี้ฉันออกกล้องอยู่หรือเปล่า ฮ่า! อะไรนะ ฉันบ้าเหรอ? แน่นอนสิ!
ASBR147BO;Boyd;Hi mom! Look at me! I'm tangled in a web of deception! How's uncle G?;สวัสดีแม่! ดูฉันสิ! ฉันติดอยู่ในใยแห่งการหลอกลวง! ลุง จี เป็นยังไงบ้าง?
ASBR148BO;Boyd;จี-man, who are you working for? Who is G?;จี-แมน แกทำงานให้ใคร? จี คือใคร?
ASBR149BO;Boyd;จี-Man, Go-man, Goat Man I thought you worked for me?;จี-แมน โก-แมน โกต แมน... ฉันนึกว่าแกทำงานให้ฉันซะอีก?
ASBR150BO;Boyd;My father, he was a good man, but he served a cruel master.;พ่อของฉัน เขาเป็นคนดี แต่เขาทำงานให้กับเจ้านายที่โหดร้าย
ASBR151BO;Boyd;Mom, are you sure these are your children?;แม่ แน่ใจเหรอว่านี่เป็นลูกของแม่?
ASBR152BO;Boyd;These are not my dot to dots. These are not my babies.;นี่ไม่ใช่เกมลากจุดของฉัน นี่ไม่ใช่ลูกของฉัน
ASBR153BO;Boyd;...but of course you know all this because you're Australian...;...แต่แน่นอนว่านายรู้เรื่องพวกนี้หมด เพราะนายเป็นคนออสเตรเลีย...
ASBR154BO;Boyd;...and then it comes out of those wires over there, and goes straight into my head, with all its little audio tricks;...แล้วมันก็ออกมาจากสายไฟพวกนั้น แล้วตรงเข้าหัวของฉัน ด้วยลูกเล่นเสียงเล็กๆ น้อยๆ...
ASBR155BO;Boyd;I don't want to be a lead weight on the table.;ฉันไม่อยากเป็นแค่ตะกั่วถ่วงโต๊ะ
ASBR156BO;Boyd;I see myself more as a turtle with a rocket strapped to its back!;ฉันมองว่าตัวเองเป็นเต่าที่ติดจรวดไว้บนหลังมากกว่า!
ASBR157BO;Boyd;...and he waits and he waits...;...แล้วเขาก็รอแล้วรอเล่า...
ASBR158BO;Boyd;...this milk can't stay fresh forever...;...นมพวกนี้มันไม่ได้สดใหม่อย่างนี้ตลอดไปหรอก...
ASBR159BO;Boyd;...something's got to give...;...จะต้องมีอะไรเกิดขึ้นแน่ๆ...
ASBR160BO;Boyd;How many are there? I count fourteen, but that's not the number on my hand, that's not the number on my neck.;มีทั้งหมดกี่คน? ฉันนับได้สิบสี่ แต่ไม่ใช่เลขบนมือฉัน ไม่ใช่เลขบนคอฉัน
ASBR161BO;Boyd;The truth lives in a small house on the edge of town.;ความจริงอาศัยอยู่ในบ้านเล็กๆ ที่ชายขอบเมือง
ASBR162BO;Boyd;The truth is sleeping in glass box.;ความจริงกำลังหลับอยู่ในกล่องแก้ว
ASBR163BO;Boyd;The truth is a colorful diamond.;ความจริงคือเพชรหลากสี
ASBR164BO;Boyd;I'm dropping out of this yogurt convention. There's no fruit at the bottom.;ฉันขอถอนตัวจากการประชุมโยเกิร์ต ไม่มีผลไม้อยู่ก้นถ้วย
ASBR165BO;Boyd;Hey! Lady! Where you going with that sweater?;เฮ้ คุณป้า! จะเอาเสื้อสเวตเตอร์ไปไหน?
ASBR166BO;Boyd;Think you could get this past me? I'm the guard.;คิดว่าจะเอาเรื่องนี้ผ่านฉันไปได้เหรอ? ฉันเป็นยามนะ
ASBR167BO;Boyd;I've got the truth. It's tucked in my cheeks. I'm not going to eat it right now.;ฉันมีความจริง มันซ่อนอยู่ในแก้มของฉัน ฉันจะไม่กินมันตอนนี้หรอก
ASBR168BO;Boyd;Are you buying? Or are you spying?;แกมาซื้อ หรือมาสืบ?
ASBR169BO;Boyd;This is ugly. It's like a Cyclops with a million eyes!;นี่มันน่าเกลียด มันเหมือนไซคลอปส์ที่มีล้านตา!
ASBR170BO;Boyd;The fire will start in menswear!;ไฟจะเริ่มไหม้ที่แผนกเสื้อผ้าผู้ชาย!
ASBR171BO;Boyd;But what if the signal comes early?;แต่ถ้าสัญญาณมาเร็วกว่ากำหนดล่ะ?
ASBR172BO;Boyd;The meaty bit in the middle of this won ton, it's me!;ไส้ตรงกลางของเกี๊ยวคือฉัน!
ASBR173BO;Boyd;Hey, don't worry about me. I'm centered. I'm the whole center in fact.;เฮ้ ไม่ต้องห่วงฉัน ฉันเป็นศูนย์กลาง ฉันคือศูนย์กลางทั้งหมดเลย
ASBR174BO;Boyd;Am I? Or is he? Am I he? What is he doing in my house?;ฉันเหรอ? หรือเขา? ฉันเป็นเขาเหรอ? เขาทำอะไรอยู่ในบ้านฉัน?
ASBR175BO;Boyd;Someone moved into my neighborhood, uninvited.;มีคนย้ายเข้ามาในละแวกบ้านฉัน โดยไม่ได้รับเชิญ
ASBR176BO;Boyd;The housing committee's not going to like this.;กรรมการหมู่บ้านคงไม่ชอบใจเรื่องนี้
ASBR177BO;Boyd;They should paint their garage door the same color as everybody else's.;พวกเขาควรจะทาสีประตูโรงรถให้เหมือนกับคนอื่นๆ
ASBR178BO;Boyd;I'm locked on the outside, and I'm locked on the inside.;ฉันถูกล็อคจากข้างนอก และฉันก็ถูกล็อคจากข้างใน
ASBR179BO;Boyd;And the little girl stuck her finger in the dyke and saved all the windmills. But who does the little girl work for?;แล้วเด็กผู้หญิงก็เอานิ้วอุดเขื่อนแล้วช่วยกังหันลมทั้งหมดไว้ได้ แต่เด็กผู้หญิงคนนั้นทำงานให้ใคร?
ASBR180BO;Boyd;Hey, little girl! Get your finger out of there!;เฮ้ เด็กผู้หญิง! เอานิ้วออกมาจากตรงนั้น!
ASBR181BO;Boyd;Ha! I know what you're up to.;ฮ่า! ฉันรู้ว่าแกกำลังทำอะไร
ASBR182BO;Boyd;You've got the skates, but I've got the key!;แกมีสเก็ต แต่ฉันมีกุญแจ!
ASBR183BO;Boyd;Who is the Milkman???;ใครคือคนส่งนม???
ASBR184BO;Boyd;You know my house is clean, right? Right boss??;นายรู้ว่าบ้านฉันสะอาด ใช่ไหม? ใช่ไหมเจ้านาย??
ASBR185BO;Boyd;Get off of me!;เอามือออกไปจากตัวฉัน!
ASBR186BO;Boyd;I don't want any half and half! I'm already half and half!!;ผมไม่ต้องการอะไรที่มันครึ่งๆ กลางๆ! ตัวผมมันก็ครึ่งๆ กลางๆ อยู่แล้ว!!
ASBR187BO;Boyd;If I'm invisible, then why is everyone looking at me?;ถ้าผมล่องหน แล้วทำไมทุกคนถึงมองมาที่ผมล่ะ?
ASBR188BO;Boyd;...heh heh.;...เหอะ เหอะ...
ASBR189BO;Boyd;...ho, ho!...;...โฮ โฮ!...
ASBR190BO;Boyd;...wait...;...เดี๋ยวนะ...
ASBR191BO;Boyd;...er...;...เอ่อ...
ASBR192BO;Boyd;...uh...;...อืม...
ASBR193BO;Boyd;...(cough)...;...(ไอ)...
ASBR194BO;Boyd;...uhhhh...;...อืมมม...
ASBR195BO;Boyd;...hmmmm...;...ฮืมมม...
ASBR196BO;Boyd;...ha!...;...ฮ่า!...
ASBR197BO;Boyd;...yeah, yeah, yeah...;...ใช่ ใช่ ใช่...
ASBR198BO;Boyd;...what?...;...อะไรนะ?...
ASBR199BO;Boyd;...no, no, no, no...;...ไม่ ไม่ ไม่ ไม่...
ASBR200BO;Boyd;...okay, okay, but;...โอเค โอเค แต่ว่า...
ASBR201BO;Boyd;...huh...;...หืม...
ASBR202BO;Boyd;...riiiiiiight...;...ถู-----กต้อง...
ASBV001ED;Edgar;...signed... Edgar... Teglee.;...ลงชื่อ... เอ็ดการ์... ทีกลี
ASBV002ED;Edgar;Fini!;ฟินิ!
ASBV003ED;Edgar;When you deliver this to my patron, Raz, you may also hand him my farewell, for I am checking myself out of here.;เมื่อ แรซ เอาสิ่งนี้ไปให้ผู้มีพระคุณของข้าแล้ว ก็จงบอกลาเขาแทนข้าด้วย เพราะข้ากำลังจะออกไปจากที่นี่แล้ว
ASBV004ED;Edgar;You have unchained my mind, young friend so before I go, I'd like to show my gratitude by painting you a REAL work of art.;เจ้าน่ะปลดปล่อยใจของข้าแล้ว สหาย ก่อนที่ข้าจะไป ข้าอยากจะแสดงความขอบคุณโดยการวาดรูปให้เจ้า เป็นงานศิลปะที่แท้จริง
ASBV005RA;Raz;No bull?;จริงดิ?
ASBV006ED;Edgar;Ha ha ha ha ha!;ฮ่า ฮ่า ฮ่า ฮ่า ฮ่า!
ASBV007ED;Edgar;You make light of my mental problems, and still I have no rage! Amazing!;เจ้าทำให้ปัญหาทางจิตใจของข้าดูเป็นเรื่องตลก แต่ข้ากลับไม่โกรธเลย! เหลือเชื่อ!
ASCD001CR;Crispin;Greetings, Doctor Loboto!;สวัสดีครับ ดร.โลโบโต้!
ASCD002CR;Crispin;Up to the secret laboratory then, is it?;กำลังจะขึ้นไปที่ห้องแล็บลับสินะครับ?
ASCD003CR;Crispin;One moment...;เดี๋ยวนะครับ...
ASCD004CR;Crispin;You're not Doctor Loboto!;คุณไม่ใช่ ดร.โลโบโต้!
ASCD005CR;Crispin;My eyes may be half gone, but I would recognize the mad doctor anywhere.;ตาผมอาจจะมองไม่ค่อยเห็น แต่ผมจำหน้าหมอบ้าได้แน่นอน
ASCD006CR;Crispin;He's got that stone cold face a man doesn't easily forget...;เขามีใบหน้าที่เย็นชาจนคนไม่มีวันลืม...
ASCD007CR;Crispin;He wears a beastly smock, covered in thick straps like an electric chair...;เขาสวมเสื้อคลุมที่ดูเหมือนสัตว์ร้าย ปกคลุมไปด้วยสายรัดหนาๆ เหมือนเก้าอี้ไฟฟ้า...
ASCD008CR;Crispin;And in the place where his hand should be, there's nothing but a gleaming, metal claw.;และตรงที่ควรจะเป็นมือของเขา กลับมีแต่กรงเล็บโลหะที่แวววาว
ASCD009CR;Crispin;So if I'm not mistaken, you're not Doctor Loboto, and you don't pay my salary so kindly back away from my elevator and die.;ถ้าผมจำไม่ผิด คุณไม่ใช่ ดร.โลโบโต้ และคุณก็ไม่ได้จ่ายเงินเดือนให้ผม เพราะฉะนั้น ถอยออกจากลิฟต์ผมไปซะ แล้วไปตายซะ!
ASCD010CR;Crispin;Thank you, sir.;ขอบคุณครับ
ASCD012CR;Crispin;Good to see your face!;ดีใจที่ได้เห็นหน้าคุณ!
ASCD013CR;Crispin;I see you're wearing your favorite jacket!;เห็นคุณใส่เสื้อตัวโปรดด้วย!
ASCD014CR;Crispin;If I may say so, your claw is looking ESPECIALLY menacing today!;ถ้าผมจะพูดอะไรหน่อย กรงเล็บของคุณดูน่ากลัวเป็นพิเศษเลยนะครับวันนี้!
ASCD016CR;Crispin;If you're Doctor Loboto;ถ้าคุณคือ ดร.โลโบโต้...
ASCD017CR;Crispin;What happened to your face?;เกิดอะไรขึ้นกับหน้าคุณ?
ASCD018CR;Crispin;Where's your strappy jacket?;เสื้อคลุมของคุณหายไปไหน?
ASCD019CR;Crispin;Did you have a human hand reattached to your arm, or...?;คุณต่อมือคนกลับเข้าไปที่แขนแล้วเหรอ หรือ...?
ASCD020CR;Crispin;You inmates are getting ever more clever, but...;พวกคนไข้เริ่มฉลาดขึ้นเรื่อยๆ นะ แต่...
ASCD021CR;Crispin;You still can't fool old Crispin Whytehead.;คุณก็ยังหลอก คริสปิน ไวท์เฮด คนนี้ไม่ได้หรอก
ASCD022CR;Crispin;I'm an orderly you know. I am NOT an imposter.;ผมเป็นพยาบาลนะ ผมไม่ใช่ตัวปลอม
ASCD023CR;Crispin;Good day.;สวัสดีครับ
ASCD024CR;Crispin;Taking her up yourself this time, eh Doctor? Less work for me!;คราวนี้คุณจะพาเธอขึ้นไปเองเลยใช่ไหม ด๊อกเตอร์ งานผมจะได้น้อยลง!
ASCD025FR;Fred;Inmate Whytehead.;คนไข้ ไวท์เฮด
ASCD026CR;Crispin;Gahh! Chief Orderly Bonaparte! You're... You're;เอิ๊ก! หัวหน้าพยาบาล โบนาปาร์ต! คุณกลับ... คุณ...
ASCD027FR;Fred;Armed?;เตรียมตัว?
ASCD028CR;Crispin;Woo hoo ha ha hahaha!;Woo hoo ha ha hahaha!
ASCL001RA;Raz;Hey it works!;เฮ้ ได้ผล!
ASCL002RA;Raz;What's up, Linda?;ไง ลินดา เป็นไงบ้าง?
ASCL003RA;Raz;I don't suppose I could just ride on top this time?;คราวนี้ขอขี่ข้างบนได้ไหมเนี่ย?
ASCL004RA;Raz;You know, I'm not getting any more used to this.;รู้ไหมเนี่ย ฉันไม่เคยชินกับอะไรแบบนี้เลยนะ
ASCL005RA;Raz;You haven't been eating algae again, have you?;แกไม่ได้กินสาหร่ายเข้าไปอีกแล้วใช่ไหม?
ASCL006LF;Linda;Prepare yourself for passage, human child.;เตรียมตัวให้พร้อมสำหรับการเดินทาง เด็กน้อย
ASCL007RA;Raz;Ya--;อ๊า--
ASCR001CR;Crispin;Behind you, General!;ข้างหลังคุณครับ ท่านนายพล!
ASCR002CR;Crispin;Oh, good move, mate.;โอ้ เล่นดีนี่เพื่อน
ASCR003CR;Crispin;Got 'em on the run now, eh, Bonaparte?;ตอนนี้ไล่พวกมันจนหนีแล้วใช่ไหม โบนาปาร์ต?
ASCR004CR;Crispin;I hear you out there Fred!;ผมได้ยินเสียงคุณนะ เฟร็ด!
ASCR005CR;Crispin;Just because I can't see you doesn't mean I'm not watching!;แค่ผมมองไม่เห็น ไม่ได้หมายความว่าผมไม่ได้จับตาดูคุณอยู่นะ!
ASCR006CR;Crispin;Don't throw in the towel just yet!;อย่ายอมแพ้ตอนนี้สิ!
ASCR007CR;Crispin;You've still got a few more hens in your musket!;คุณยังมีไก่อีกสองสามตัวในปืนคาบศิลาของคุณนะ!
ASCR008CR;Crispin;Heh. Look at 'im.;เหอะ ดูเขาสิ
ASCR009CR;Crispin;Sad isn't it?;น่าเศร้าใช่ไหมล่ะ?
ASCR010CR;Crispin;He used to be just an average loon--didn't embarrass himself so much.;เมื่อก่อนเขาเป็นแค่คนบ้าธรรมดา ไม่ได้ทำให้ตัวเองขายหน้าขนาดนี้
ASCR011CR;Crispin;Now he's all kiltery-jiltery.;ตอนนี้เขาเหมือนคนใส่กระโปรงสั่นๆ
ASCR012CR;Crispin;I used to play that little war game with him back when it WAS just a game to him.;เมื่อก่อนผมเคยเล่นเกมสงครามเล็กๆ น้อยๆ กับเขา ตอนที่มันเป็นแค่เกมสำหรับเขาจริงๆ
ASCR013CR;Crispin;Last time we played he lost the game and his mind. Now he thinks he's Napoleon of course.;ครั้งล่าสุดที่เราเล่น เขาแพ้ทั้งเกมและสติ ตอนนี้เขาคิดว่าตัวเองเป็น นโปเลียน แน่นอน
ASCR014CR;Crispin;Reduced to a cracker factory cliché!;กลายเป็นแค่เรื่องซ้ำซากของโรงงานทำขนมปังกรอบ!
ASCR015CR;Crispin;One pickle short of a Sunday spice can, wouldn't you say?;เหมือนแตงกวาดองขาดไปหนึ่งชิ้นจากกระป๋องเครื่องเทศวันอาทิตย์ ว่าไหม?
ASCR016CR;Crispin;Not much brine in his brisket, if you know what I mean.;ไม่มีน้ำเกลือในเนื้อหน้าอกของเขาเท่าไหร่ ถ้าคุณเข้าใจที่ผมพูดนะ
ASCR017CR;Crispin;Poor bastard.;น่าสงสารจริงๆ
ASCR018CR;Crispin;Got a meter on his melon like half sack of cherries.;มีมิเตอร์อยู่บนหัวเหมือนเชอร์รี่ครึ่งกระสอบ
ASCR019CR;Crispin;Tell me, what's he doing now? I can't see from here. Is he winning or losing?;บอกผมหน่อย ตอนนี้เขากำลังทำอะไรอยู่? ผมมองไม่เห็นจากตรงนี้ เขากำลังชนะหรือแพ้?
ASEI001RA;Raz;Hey, how's that painting of Doctor Loboto coming along? You know, I'll deliver it for you as soon as it's finished.;เฮ้ ภาพวาด ดร.โลโบโต้ เป็นยังไงบ้าง? ถ้านายวาดเสร็จเมื่อไหร่ ฉันจะเอาไปส่งให้เองนะ
ASEI002ED;Edgar;Silence! I am conceptualizing.;เงียบ! ข้ากำลังคิดคอนเซ็ปต์อยู่
ASEI003RA;Raz;Hey! I like it!;เฮ้! ฉันชอบนะ!
ASEI004ED;Edgar;Ah, you see, the poor dumb beasts have no thumbs, so I ask you... how are they holding their cards?;อ่า เจ้าเห็นไหม พวกสัตว์โง่ๆ ไม่มีนิ้วหัวแม่มือ แล้วข้าถามเจ้าหน่อย... พวกมันถือไพ่ยังไง?
ASEI005RA;Raz;St--St--Sticky paws?;ม--ม--มือเหนียวๆ?
ASEI006ED;Edgar;It should be impossible, and yet somehow they go on... playing the game.;มันไม่น่าเป็นไปได้ แต่พวกมันก็ยังคง... เล่นเกมต่อไป
ASEI007ED;Edgar;In the end, Razputin, aren't we all just dogs playing poker?;ท้ายที่สุดแล้ว แรซปูติน พวกเราก็เป็นแค่หมาเล่นโป๊กเกอร์ไม่ใช่เหรอ?
ASET001RA;Raz;Hey, why are you all locked up?;เฮ้ ทำไมนายถึงถูกขังอยู่?
ASET002ED;Edgar;Hmmm.;ฮืมม
ASET003ED;Edgar;Why... am... I... all... locked... up?;ทำไม... ข้า... ถึง... ถูก... ขัง...?
ASET004ED;Edgar;Good question.;คำถามที่ดี
ASET005RA;Raz;What ya paintin' there?;นายวาดอะไรอยู่เหรอ?
ASET006ED;Edgar;Nothing. Everything. An invisible portrait of my own artistic impotence.;ไม่มีอะไรหรอก ภาพวาดล่องหนที่แสดงถึงความอ่อนแอทางศิลปะของฉันเอง
ASET007RA;Raz;Looks like Doctor Loboto to me.;ดูเหมือน ดร.โลโบโต้ เลยนะ
ASET008ED;Edgar;That is my patron, my psychiatrist, my warden.;นั่นคือผู้สนับสนุนของฉัน จิตแพทย์ของฉัน ผู้คุมของฉัน
ASET009RA;Raz;Is he the one who chained you up?;เขาเป็นคนล่ามนายเหรอ?
ASET010ED;Edgar;Art therapy is all about commitment, child.;ศิลปะบำบัด คือเรื่องของความมุ่งมั่น เด็กน้อย
ASET011ED;Edgar;The Doctor won't let me go until I complete my treatment.;หมอจะไม่ปล่อยฉันไปจนกว่าฉันจะหายดี
ASET012RA;Raz;So, why don't you just finish the painting and go home?;งั้น ทำไมนายไม่วาดรูปให้เสร็จแล้วกลับบ้านไปซะล่ะ?
ASET013ED;Edgar;Why... don't I... just...;ทำไม... ฉันไม่... แค่...
ASET014ED;Edgar;heavy, bull-like breathing and grunting as he paints;เสียงหายใจหนักๆ เหมือนวัวกระทิงและเสียงคำรามขณะที่เขาวาดรูป
ASET015RA;Raz;Wow! See, sometimes you just have to--;ว้าว! เห็นไหม บางทีนายก็แค่ต้อง--
ASET016RA;Raz;Huh. You painted a bullfight over the Doctor's face. Why a bull fight?;หืม นายวาดภาพสู้วัวกระทิงทับหน้าคุณหมอ ทำไมต้องสู้วัวกระทิง?
ASET017RA;Raz;Huh? Huh Edgar? Why do you--;หืม? หืม เอ็ดการ์? ทำไมนายถึง--
ASET019ED;Edgar;EVERY TIME!;ทุกที!
ASET020ED;Edgar;Every time it is the same!;ทุกทีมันก็เป็นแบบนี้!
ASET021ED;Edgar;The matador! The bull! How I despise you both!;มาธาดอร์! วัวกระทิง! ฉันเกลียดมันทั้งคู่!
ASET022ED;Edgar;But my hands... won't let you go.;แต่มือของฉัน... ไม่ยอมปล่อย
ASET023ED;Edgar;Ahhhhhh!;อาาาห์!
ASET024ED;Edgar;The blank canvas, like the matador's cape, waves before me.;ผืนผ้าใบเปล่าๆ เหมือนผ้าคลุมของมาธาดอร์ โบกสะบัดอยู่ตรงหน้าฉัน
ASET025ED;Edgar;Infuriating. Alluring. Just like the pitiful horned beast in the painting, I know it is a trick-and yet I charge again and again. And every time I lose.;น่าโมโห น่าดึงดูด เหมือนกับสัตว์ร้ายที่มีเขาในภาพวาด ฉันรู้ว่ามันเป็นภาพลวง แต่ฉันก็ยังพุ่งเข้าใส่มัน และทุกครั้งฉันก็แพ้
ASET026ED;Edgar;That is why I am here, chained in more ways than you can see.;นั่นคือเหตุผลที่ฉันอยู่ที่นี่ ถูกล่ามด้วยโซ่ที่มากกว่าตาเห็น
ASET027RA;Raz;A prisoner of art.;นักโทษแห่งศิลป์
ASET029RA;Raz;Well, I'm going downstairs. You good?;งั้น ฉันลงไปข้างล่างก่อนนะ นายโอเคไหม?
ASET030ED;Edgar;I'm good.;ฉันโอเค
ASFD001RA;Raz;Excuse me, sir?;ขอโทษนะครับ คุณ?
ASFD002NP;Napoleon;My name is Napoleon Bonaparte!;ฉันชื่อ นโปเลียน โบนาปาร์ต!
ASFD003RA;Raz;Oh! Uh... excuse me... Mr. Bonaparte?;โอ้ เอ่อ ขอโทษครับ ท่าน โบนาปาร์ต?
ASFD004FR;Fred;Shhh! I only THINK I'm Napoleon Bonaparte.;ชู่ว์! ฉันแค่คิดว่าตัวเองเป็น นโปเลียน โบนาปาร์ต เท่านั้นแหละ
ASFD005NP;Napoleon;Do not listen to the weakling! He denies his lineage because he fears it!;อย่าไปฟังคนอ่อนแอ! เขาปฏิเสธสายเลือดของตัวเองเพราะเขากลัวมัน!
ASFD006FR;Fred;You'll have to excuse me. I'm busy losing a battle with my sanity here.;ยกโทษให้ฉันด้วย ฉันกำลังยุ่งกับการแพ้สงครามกับสติของตัวเอง
ASFD007NP;Napoleon;For France!;เพื่อฝรั่งเศส!
ASFD008RA;Raz;I like your jacket. Very strappy!;ผมชอบเสื้อของคุณนะ มีสายเยอะดี!
ASFD009FR;Fred;You want it? You can have it! Just help me undo these buckles in the back and--;อยากได้เหรอ เอาไปเลย! แค่ช่วยปลดหัวเข็มขัดข้างหลังให้ฉันหน่อย แล้ว--
ASFD010NP;Napoleon;What are you doing?! The uniform of this army is sacred! We shall wear it proudly until the battle is over.;เจ้าทำอะไรน่ะ?! เครื่องแบบของกองทัพนี้ศักดิ์สิทธิ์! เราจะสวมมันด้วยความภาคภูมิใจจนกว่าสงครามจะจบลง
ASFD011FR;Fred;(Help me!);(ช่วยด้วย!)
ASFI001NP;Napoleon;Allons enfants!;Allons enfants!
ASFI002NP;Napoleon;Enfants de la Patrie!;Enfants de la Patrie!
ASFI003NP;Napoleon;Le jour de gloire est arrivé!;Le jour de gloire est arrivé!
ASFI004NP;Napoleon;Ha ha! Soon we shall feast upon the sweet, buttery snails of victory!;ฮ่า ฮ่า! ในไม่ช้าเราจะได้ลิ้มรสหอยทากหวานๆ มันๆ แห่งชัยชนะ!
ASFI005NP;Napoleon;Ahh! Reinforcements!;อ๊ะ! กำลังเสริม!
ASFI006NP;Napoleon;March-ez-vous!;March-ez-vous!
ASFI007NP;Napoleon;Back on your horse, soldier! Tout de suite!;กลับขึ้นม้าไป ทหาร! Tout de suite!
ASFI008NP;Napoleon;Now, then...;เอาล่ะ ทีนี้...
ASFI009NP;Napoleon;Ha!;ฮ่า!
ASFI010NP;Napoleon;Ha ha!;ฮ่า ฮ่า!
ASFI011NP;Napoleon;Hah hah hah hah hah!;ฮ่า ฮ่า ฮ่า ฮ่า ฮ่า!
ASFI012NP;Napoleon;Into Napoleon's trap, you have fallen!;เจ้าตกลงไปในกับดักของ นโปเลียน แล้ว!
ASFI013NP;Napoleon;Ah, my trusted spy! Tell me what you know!;อ๊ะ สายลับที่ข้าไว้ใจ บอกข้ามาว่าเจ้ารู้อะไรบ้าง!
ASFI014NP;Napoleon;Weakling! Shut up! You call yourself by the name Bonaparte?;คนอ่อนแอ! หุบปาก! เจ้ากล้าเรียกตัวเองว่า โบนาปาร์ต งั้นเหรอ?
ASFI015NP;Napoleon;You are a stinking disgrace to your family, stinker!;เจ้ามันน่าอับอายขายขี้หน้าวงศ์ตระกูล โธ่!
ASFI016NP;Napoleon;This golden day is ours!;วันนี้เป็นวันของเรา!
ASFI017NP;Napoleon;The sun is bright, the enemy is weak, and there is cheese back in the tent.;แสงอาทิตย์ส่องสว่าง ศัตรูอ่อนแอ และมีชีสอยู่ในเต็นท์
ASFI018NP;Napoleon;Le Charge!;Le Charge!
ASFI019NP;Napoleon;Le Fire!;Le Fire!
ASFI020NP;Napoleon;We are on our way back to town!;เรากำลังเดินทางกลับเมือง!
ASFI021NP;Napoleon;Let's take it to the chateaux, boys!;ไปที่ปราสาทกัน พวก!
ASFI022NP;Napoleon;Another easy victory for Napoleon Bonaparte!;ชัยชนะง่ายๆ อีกครั้งของ นโปเลียน โบนาปาร์ต!
ASFI023NP;Napoleon;More wine!;ไวน์อีก!
ASFI024FR;Fred;Oh, man. Where's my cannon? Did we lose a cannon?;โอ้ ให้ตายสิ ปืนใหญ่ฉันอยู่ไหน? เราทำปืนใหญ่หายไปเหรอ?
ASFI025FR;Fred;This is the worst. I hate this stupid game.;แย่ที่สุด ฉันเกลียดเกมโง่ๆ นี่
ASFI026FR;Fred;I don't want to play anymore!;ฉันไม่อยากเล่นแล้ว!
ASFI027FR;Fred;I'm going to lose, I'm going to lose, I'm going to lose...;ฉันกำลังจะแพ้ ฉันกำลังจะแพ้ ฉันกำลังจะแพ้...
ASFI028FR;Fred;What am I supposed to do?;ฉันต้องทำยังไง?
ASFI029FR;Fred;Retreat!;ถอยทัพ!
ASFI030FR;Fred;I thought I had a spy! Where'd I put my dang spy?;ฉันนึกว่าฉันมีสายลับ! ฉันเอาสายลับไปไว้ไหนเนี่ย?
ASFI031FR;Fred;Everything's on fire! We're all going to burn!;ทุกอย่างลุกเป็นไฟ! พวกเรากำลังจะถูกเผา!
ASFI033FR;Fred;Oh oh oh!;โอ้ โอ้ โอ้!
ASFI034FR;Fred;Everything's going black.;ทุกอย่างกำลังมืดลง
ASFI035FR;Fred;He calls this a game, but all I see is death.;เขาเรียกนี่ว่าเกม แต่สิ่งที่ฉันเห็นคือความตาย
ASFI036FR;Fred;These boys are too young to die. I'M too young to die!;เด็กพวกนี้ยังเด็กเกินกว่าที่จะตาย ฉันก็ยังเด็กเกินกว่าที่จะตาย!
ASFI037FR;Fred;Flank! No. Wait, uh, counter flank! No, uh uh unflank?;ตีปีก! ไม่สิ เดี๋ยวนะ เอ่อ ตีปีกกลับ! ไม่สิ เอ่อ เอ่อ ไม่ตีปีก?
ASFI038FR;Fred;Do the other thing!;ทำอย่างอื่น!
ASFI039FR;Fred;Where are my reinforcements?;กำลังเสริมฉันอยู่ไหน?
ASFI040FR;Fred;I never asked for this war!;ฉันไม่เคยขอให้มีสงครามนี้!
ASFI041FR;Fred;Hey, can we take a break? I need a quick disco nap.;เฮ้ ขอพักหน่อยได้ไหม? ฉันอยากงีบเอาแรง
ASFI042FR;Fred;Why aren't you attacking?;ทำไมพวกแกไม่บุก?
ASFI043FR;Fred;I am your commanding officer! You have to listen to me! That is an actual rule!;ฉันเป็นผู้บังคับบัญชาของพวกแก! พวกแกต้องฟังฉัน! นี่คือกฎ!
ASFI044FR;Fred;Why are you all working against me?;ทำไมพวกแกถึงต่อต้านฉัน?
ASFI045FR;Fred;You think I'm dumb don't you?;พวกแกคิดว่าฉันโง่ใช่ไหม?
ASFI046FR;Fred;I may be dumb, but I'm in charge!;ฉันอาจจะโง่ แต่ฉันเป็นคนคุม!
ASFI047FR;Fred;Stop dying! Get up and stop dying!;หยุดตาย! ลุกขึ้นมาแล้วหยุดตาย!
ASFI048FR;Fred;Run over there and poke that guy with your gun knife thing!;วิ่งไปตรงนั้นแล้วเอาปืนมีดของแกไปจิ้มไอ้หมอนั่น!
ASFI049FR;Fred;Where'd everybody go? Is everybody dead?;ทุกคนหายไปไหนหมด? ทุกคนตายแล้วเหรอ?
ASFI050FR;Fred;Okay, everybody who's still in my army, please raise your hands, unless you are dead.;โอเค ทุกคนที่ยังอยู่ในกองทัพของฉัน ยกมือขึ้น ถ้าแกไม่ได้ตาย
ASFI051FR;Fred;Uggg! Why won't that guy just shut up?;อั๊ก! ทำไมไอ้หมอนั่นไม่หุบปากสักที?
ASFI052FR;Fred;Look, we're not just an army. We are a family, and today we all have to pull together and kill.;ฟังนะ พวกเราไม่ใช่แค่กองทัพ พวกเราเป็นครอบครัว และวันนี้พวกเราต้องร่วมมือกันฆ่า
ASFI053FR;Fred;Kill for daddy!;ฆ่าเพื่อป๊ะป๋า!
ASFI054FR;Fred;Hey, I'm tired too. But you don't see me lying down in the shade, now do you?;เฮ้ ฉันก็เหนื่อยเหมือนกัน แต่แกไม่เห็นฉันนอนพักใต้ร่มเงาใช่ไหมล่ะ?
ASFI055FR;Fred;Oh, you want a court martial too? I got one for you too! And you, buddy!;โอ้ แกก็อยากขึ้นศาลทหารด้วยเหรอ? ฉันมีให้แกด้วย! แล้วก็แกด้วย เพื่อน!
ASIE001ED;Edgar;Hmmm. What is this? Are you working on an abstract piece? Nice use of color...;ฮืมม นี่มันอะไร? นายกำลังสร้างผลงาน Abstract อยู่เหรอ? ใช้สีได้สวยดีนะ...
ASII001NP;Napoleon;Attack!;บุก!
ASII002FR;Fred;No, wait! Don't listen to him! Retreat!;ไม่ เดี๋ยวก่อน! อย่าไปฟังเขา! ถอยทัพ!
ASII003NP;Napoleon;Shut up you fool! The battle is ours! Wellington is on the run! This is our moment of glory!;หุบปากไป ไอ้โง่! การต่อสู้เป็นของเรา! เวลลิงตัน กำลังหนี! นี่คือช่วงเวลาแห่งความรุ่งโรจน์ของเรา!
ASII004CR;Crispin;Ah, shut up you loon!;อ้า หุบปากไปซะ ไอ้บ้า!
ASII005CR;Crispin;Heh heh.;เหอะ เหอะ
ASII006FR;Fred;The battle can't be won. We're going to lose it.;สงครามนี้ไม่มีทางชนะ เรากำลังจะแพ้
ASII007CR;Crispin;I'm afraid you lost it years ago, Fred. Now pipe down over there. I am the orderly and I run a quiet, peaceful insane asylum. Understood?;ผมเกรงว่าคุณจะแพ้ไปเมื่อหลายปีก่อนแล้ว เฟร็ด ทีนี้ก็เงียบไปเลย ผมเป็นพยาบาล และผมดูแลโรงพยาบาลบ้าที่เงียบสงบ เข้าใจไหม?
ASII009CR;Crispin;Oh, now, see? You've disrupted Mr. Teglee's art therapy session.;โอ้ เห็นไหม ทีนี้คุณก็ขัดขวางช่วงเวลาศิลปะบำบัดของ มิสเตอร์ ทีกลี แล้ว
ASII010NP;Napoleon;Ha ha! Le jour de gloire est arrivé!;ฮ่า ฮ่า! Le jour de gloire est arrivé!
ASII011CR;Crispin;Whatever.;ช่างเถอะ
ASIN001LF;Linda;When it is your wish to travel across the lake, you may return to either shore and summon me with that.;เมื่อใดที่เจ้าอยากข้ามทะเลสาบ เจ้าแค่กลับมาที่ชายฝั่งใดก็ได้ แล้วเรียกข้าด้วยสิ่งนั้น
ASIN002RA;Raz;Thanks, Hulking Lungfish. You know, you really aren't as hideous as people say.;ขอบใจนะ เจ้าปลาปอดยักษ์ รู้ไหม แกไม่ได้น่ากลัวอย่างที่คนอื่นว่าเลยนะ
ASIN003LF;Linda;You may call me now by my true name, Razputin. The name given to me by my people.;เจ้าสามารถเรียกข้าด้วยชื่อจริงของข้าได้ แรซปูติน ชื่อที่คนของข้าตั้งให้
ASIN004RA;Raz;And what name is that, noble lake creature?;แล้วเจ้ามีนามว่าอะไร สิ่งมีชีวิตแห่งทะเลสาบผู้สูงศักดิ์?
ASIN005LF;Linda;Linda.;ลินดา
ASIN006RA;Raz;What a magical lady.;ช่างเป็นชื่อที่งดงามเหลือเกิน
ASLC001LI;Lili;Grrr!;แง่ง!
ASLC002LI;Lili;Arg!;อ๊าก!
ASLC003LI;Lili;Man!;เวร!
ASLC004LI;Lili;Consarnit.;บ้าจริง
ASLC005LI;Lili;(Sigh.);(ถอนหายใจ)
ASLC006LI;Lili;Stupid Doctor Loboto.;เจ้าโง่ ดร.โลโบโต้
ASLC007LI;Lili;Ouch!;โอ๊ย!
ASLC008LI;Lili;Oh, man. I got another itch.;โอ๊ย ไม่นะ คันอีกแล้ว
ASLC009LI;Lili;Ah-ah-ah...;อะ อะ อะ...
ASLC010LI;Lili;Ah-ah-ah-ahh...;อะ อะ อะ อาาา...
ASLC011LI;Lili;Ah-ah-ah-ah-ahchooo!;อะ อะ อะ อะ อะชู่!
ASLC012LI;Lili;(Sniff.);(สูดน้ำมูก)
ASLC013LI;Lili;(Cough.);(ไอ)
ASLC014LI;Lili;(Snarf.);(สูดน้ำมูก)
ASLC015LI;Lili;(Snotty breathing.);(หายใจเสียงดัง)
ASLR001LI;Lili;Raz! You came!;แรซ! มาแล้ว!
ASLR002RA;Raz;Of course I did! We gotta get you out of here!;แน่นอนสิ! เราต้องออกไปจากที่นี่ให้ได้!
ASLR003LI;Lili;"Look! The Coach must have lured Sasha and Milla here on ""official Psychonauts business"" and then ambushed them with sneezing powder! They're completely brainless!";"ดูสิ! โค้ช ต้องล่อ ซาช่า กับ มิลล่า มาที่นี่ด้วยเรื่อง ""งานราชการของไซโคนอท"" แล้วก็เล่นงานพวกเขาด้วยผงจาม! พวกเขาไม่มีสมองไปแล้ว!"
ASLR004RA;Raz;I know. I saw their brains downstairs. Listen, first things first. I was thinking about what you said about us making out.;รู้แล้ว เห็นสมองของพวกเขาอยู่ข้างล่าง ฟังนะ เรื่องแรกเลย ฉันกำลังคิดเรื่องที่ ลิลี่ บอกว่าเราจะจู๋จี๋กันน่ะ
ASLR005LI;Lili;Yeah?;จริงดิ?
ASLR006LI;Lili;Oh, man. I'm so glad he showed up! I was just starting to feel slightly less phlegmy.;โอ๊ย ดีใจจังที่เขามา! ฉันกำลังรู้สึกว่าเสมหะเริ่มน้อยลงนิดหน่อยเอง
ASLR007LI;Lili;Wait, he didn't just hear--;เดี๋ยวนะ เขาไม่ได้ยินแค่--
ASLR008LI;Lili;Ah! Get away from me! Stop reading my mind. Go re-brain Sasha and Milla so they can help us break this lock!;อ๊า! ออกไปจากตัวฉันนะ! หยุดอ่านใจฉันได้แล้ว ไปใส่สมองคืนให้ ซาช่า กับ มิลล่า จะได้มาช่วยเราทำลายกุญแจนี้!
ASLS001LO;Dr.Loboto;Worthless! These brains are worthless, Sheegor! Just like the one in your head!;ไร้ค่า! สมองพวกนี้มันไร้ค่า ชีกอร์! เหมือนกับที่อยู่ในหัวของเธอเลย!
ASLS002SH;Sheegor;Oh, no, no, they're nice. They're--they're nice brains, Doctor Loboto. Really!;โอ้ ไม่ๆ นะคะ พวกมันดีนะคะ พวกมัน--พวกมันเป็นสมองที่ดีนะคะ ดร.โลโบโต้ จริงๆ นะคะ!
ASLS003LO;Dr.Loboto;They're TOO nice! They won't fight! I need killers! I need angry brains!;"มัน ""ดี"" เกินไป! พวกมันไม่ยอมสู้! ฉันต้องการนักฆ่า! ฉันต้องการสมองที่โกรธแค้น!"
ASLS004LO;Dr.Loboto;I squeeze 'em, I poke 'em, I twist 'em! What do I have to do to make 'em fight? Maybe I should try my drill?;ฉันบีบ จิ้ม บิดพวกมัน! ฉันต้องทำยังไงถึงจะทำให้พวกมันสู้? บางทีฉันควรลองใช้สว่านดู?
ASLS005SH;Sheegor;I'm not going to bring you anymore brains if you're going to be so mean to them!;ฉันจะไม่เอาสมองมาให้คุณอีกแล้ว ถ้าคุณจะใจร้ายกับพวกมันแบบนี้!
ASLS006LO;Dr.Loboto;Oh, you're not, are you?;โอ้ ไม่เอาแล้วเหรอ?
ASLS007SH;Sheegor;No.;ค่ะ
ASLS008LO;Dr.Loboto;No matter what I do?;ไม่ว่าฉันจะทำอะไรก็ตาม?
ASLS009SH;Sheegor;No. No matter... what.;ไม่ค่ะ ไม่ว่า... อะไรก็ตาม
ASLS010LO;Dr.Loboto;Not even if I--;ไม่แม้กระทั่งถ้าฉัน...
ASLS011SH;Sheegor;No! Don't!;ไม่นะ! อย่า!
ASLS012LO;Dr.Loboto;Not even if I cook you a little--;ไม่แม้กระทั่งถ้าฉันจะทำซุปให้กินเหรอ...
ASLS013SH;Sheegor;Don't. Doctor, no!;อย่านะ ดร. ไม่นะ!
ASLS014LO;Dr.Loboto;A little turtle soup?;ซุปเต่าสักหน่อยไหมล่ะ?
ASLS015SH;Sheegor;Please, Doctor Loboto. No!;ได้โปรด ดร.โลโบโต้ ไม่นะ!
ASLS016LO;Dr.Loboto;Huh? A nice hot turtle soup, hmm hmm?;หืม? ซุปเต่าร้อนๆ น่ากิน อืมๆ?
ASLS018LO;Dr.Loboto;Nothing better on a cold night like this than some boiling hot soup!;ไม่มีอะไรดีไปกว่าซุปร้อนๆ ในคืนหนาวๆ แบบนี้อีกแล้ว!
ASLS019SH;Sheegor;Leave Mr. Pokeylope alone!!!;ปล่อยมิสเตอร์โพคีโลพนะ!!!
ASLS020LO;Dr.Loboto;Oh, okay.;โอ้ โอเค
ASLS021SH;Sheegor;(Pant pant.);(หายใจหอบ)
ASLS022LO;Dr.Loboto;You sure?;เธอแน่ใจนะ?
ASLS023SH;Sheegor;NO! I mean, YES!;ไม่! หมายถึง ใช่!
ASLS024LO;Dr.Loboto;All right, all right.;เอาน่าๆ
ASLS025LO;Dr.Loboto;Oh, why don't I just go ahead and heat you up a cup?;โอ้ ทำไมฉันไม่ตักให้เธอสักถ้วยไปเลยล่ะ?
ASLS026LO;Dr.Loboto;Pleeeeease!;ได้โปรดดดด!
ASLS027LO;Dr.Loboto;It's made of turtles! Turtles that you love!;ซุปทำจากเต่านะ! เต่าที่เธอรักไง!
ASLS028LO;Dr.Loboto;Isn't that right, Mr. Pokeylope?;จริงไหม มิสเตอร์โพคีโลพ?
ASLS029SH;Sheegor;Stop it stop it stop it stop it stop it stop it!;หยุดนะ หยุดนะ หยุดนะ หยุดนะ หยุดนะ!
ASLS030LO;Dr.Loboto;Okay, okay.;โอเคๆ
ASLS031SH;Sheegor;(pant);(หายใจหอบ)
ASLS032LO;Dr.Loboto;Well, maybe I'll just make some for myself.;งั้น ฉันทำกินเองก็ได้
ASLS034LO;Dr.Loboto;Bring me a good brain, Sheegor, or Mr. Pokeylope becomes Mr. Smokey-lope!;เอาสมองดีๆ มาให้ฉันซะ ชีกอร์ ไม่งั้น มิสเตอร์โพคีโลพ จะกลายเป็น มิสเตอร์สโมกีโลพ!
ASLS035LO;Dr.Loboto;Ha-ha-ha-ha-ha!;ฮ่าๆๆๆๆ!
ASLS036LO;Dr.Loboto;Huah-huah-huah!;ฮ้วะๆๆ!
ASLS037LO;Dr.Loboto;Smokey-lope. HAAAAAA!;สโมกีโลพ ฮ่าาาาา!
ASLS038LO;Dr.Loboto;When you're a dentist, you have to learn to have a sense of humor, you know. It helps to calm the patients down.;เวลาเป็นหมอฟัน ก็ต้องรู้จักเล่นมุกบ้าง เข้าใจไหม? มันช่วยให้คนไข้คลายกังวลได้นะ
ASLV001LI;Lili;Rrrr.;Rrrr.
ASLV002RA;Raz;Lili!;ลิลี่!
ASLV003LI;Lili;Grrrr!;Grrrr!
ASLV004LI;Lili;(Gasp!);(หายใจหอบ)
ASLV005LO;Dr.Loboto;Well, I've reviewed your chart, little girl.;อืม ฉันตรวจประวัติของเธอแล้วนะ แม่หนูน้อย
ASLV006LO;Dr.Loboto;And the bad news is, we're gonna have to remove your brain;ข่าวร้ายคือ เราจะต้องเอาสมองเธอออก...
ASLV007LO;Dr.Loboto;...strap it into an armored battle tank and make it shoot down innocent civilians with its concentrated psychic death beam!;...แล้วเอาไปใส่รถถังหุ้มเกราะ ให้มันยิงลำแสงพลังจิตสังหารใส่คนที่ไม่รู้อิโหน่อิเหน่!
ASLV008LI;Lili;I'm gonna kill you so much.;ฉันจะฆ่าแกให้ตายเลย!
ASLV009LO;Dr.Loboto;The good news is that your insurance is going to cover the whole thing, so--;ข่าวดีคือ ประกันของเธอจะจ่ายให้ทั้งหมด ดังนั้น--
ASLV010LO;Dr.Loboto;Heyyy, is it getting warm in here?;เฮ้ๆ ที่นี่มันร้อนขึ้นเหรอ?
ASLV011LI;Lili;No, I'm just trying to set you on fire through this stupid hat!;เปล่า ฉันแค่พยายามจะเผาแกให้ตายคาหมวกบ้า นั่น!
ASLV012LO;Dr.Loboto;What a delightfully mean little brain you have. Just what we want!;สมองตัวน้อยของเธอช่างร้ายกาจจริงๆ อย่างที่เราต้องการเลย!
ASLV013LO;Dr.Loboto;Here, do me a favor. Tell me if you think this smells like... your DOOM! Heh heh.;นี่ ช่วยทีสิ บอกฉันทีว่ากลิ่นมันเหมือน...หายนะของเธอไหม? ฮ่าๆ
ASLV014LI;Lili;(Snotty breathing.);(หายใจฟึดฟัด)
ASLV015LI;Lili;(Sniff sniff.) I can't smell anything.;(ดมๆ) ฉันไม่ได้กลิ่นอะไรเลย
ASLV016LO;Dr.Loboto;Curses!;โธ่เว้ย!
ASLV017LI;Lili;Heh heh.;ฮึๆ
ASLV018LO;Dr.Loboto;You're a stubborn little ball of phlegm, ain't ya?;เธอมันก้อนเสมหะดื้อด้านจริงๆ เลย?
ASLV019LO;Dr.Loboto;Well, that head cold won't protect you forever, little girl, and when it's gone you'll be sneezing a different tune!;แต่หวัดของเธอคงกันได้ไม่นานหรอก แม่หนูน้อย พอหายดี เธอจะจามออกมาเป็นทำนองเลยล่ะ!
ASLV020LO;Dr.Loboto;A tune in the key of... BRAINS! Ha ha ha!;เป็นทำนองในคีย์... สมอง! ฮ่าๆๆ
ASMI001RA;Raz;Hey, slow down there, speedy. Let's talk about this.;เฮ้ ใจเย็นพวก มาคุยกันก่อนสิ
ASMI002BO;Boyd;Can't stop. Must make... final delivery... to this address.;หยุดไม่ได้ ต้องไปส่ง... ให้ถึงที่หมาย... ที่อยู่นี้
ASSH001SH;Sheegor;(Gasp!) M-M-Mr. Pokeylope?;(ตกใจ!) มะ-มะ-มิสเตอร์โพคีโลพ?
ASSH002SH;Sheegor;Oh, Mr. Pokeylope! (Kiss kiss.) I was so scared!;โอ้ มิสเตอร์โพคีโลพ! (จุ๊บๆ) ฉันกลัวมากเลย!
ASSP001RA;Raz;Ahhh!;อ๊า!
ASSP002RA;Raz;Super... sneezing... powder.;ผง...ซูเปอร์...จาม
ASSP003RA;Raz;Ahh! Try... not... to... sneeze!;อ๊า! พยายาม... อย่า... จาม!
ASSP004RA;Raz;Have... to... hold it... in;ต้อง... กลั้น... ไว้...
ASSP005RA;Raz;Ah ah--;อะ... อะ...
ASSP006RA;Raz;ACHOO!;เอ้ดเช้ย!
ASSP007RA;Raz;TV?;ทีวี?
ASSP009RA;Raz;Oh, this is just great.;โอ้ เยี่ยมไปเลย
ASSP010RA;Raz;Now what am I going to do?;แล้วฉันจะทำยังไงต่อดีเนี่ย?
ASSP011RA;Raz;Have to think!;ต้องคิด!
ASSP012RA;Raz;Ha. Like I got a choice...;เหอะ อย่างกับฉันมีทางเลือก...
ASWF001NP;Napoleon;Ha ha! Back to Russia with you, invader!;ฮ่า ฮ่า! กลับรัสเซียไปซะ ผู้บุกรุก!
ASWF002FR;Fred;Don't leave me alone in here!;อย่าทิ้งฉันไว้คนเดียวนะ!
ASWV001FR;Fred;Is he really gone? Hello? Hello? Anyone else in here?;เจ้านั่นไปแล้วใช่ไหม? สวัสดี? ว่าไง? มีใครไหม?
ASWV002FR;Fred;Hah! We did it, Raz! I'm all me again! One person! Not French!;ฮ่า! เราทำได้ แรซ! ฉันกลับมาเป็นตัวฉันคนเดิมแล้ว! คนเดียว! ไม่มีฝรั่งเศส!
ASWV003FR;Fred;Get me out of this dang jacket so I can go strangle me an orderly!;เอาเสื้อนี่ออกไปที! ฉันจะได้ไปบีบคอพยาบาลที่ดูแลฉัน!
ASWV004RA;Raz;Hey, good thinking, Fred! That sure would save me a lot of work.;เฮ้ ไอเดียดี เฟร็ด! ช่วยฉันได้เยอะเลยนะเนี่ย
ASWV005FR;Fred;Yup! Right after I take a nap!;ใช่! หลังจากที่ฉันงีบเสร็จ!
ASWV006RA;Raz;Yes, a--what? Nap?;ได้--ไงนะ? งีบเหรอ?
ASWV007FR;Fred;(Sigh) War is hell, Razputin, and I'm sleepy. (Yawn) I'll take care of Crispin for you, just as soon as I... zzzzzz;(ถอนหายใจ) สงครามนี่มันนรกจริงๆ แรซปูติน แล้วฉันก็ง่วงด้วย (หาว) ฉันจะจัดการคริสปินให้นายเอง ทันทีที่ฉัน... Zzzzzz...
ASWV008RA;Raz;Oh man.;ให้ตายสิ
ASWV009FR;Fred;(Snore.);(เสียงกรน)
ASCA000LI;Lili;Finally! If that thing gave me a cowlick, Coach Oleander's gonna burn.;ในที่สุด! ถ้าไอ้บ้านั่นมันทำให้ผมฉันเสียทรงนะ โค้ชโอลีแอนเดอร์ โดนแน่!
ASCA001MI;Milla;At least he never got inside your brain. It's going to take me weeks to get my rhythm back!;ยังดีที่เขาไม่ได้เข้าไปในสมองของเธอนะ ฉันคงต้องใช้เวลาเป็นอาทิตย์กว่าจะกลับมาปกติ!
ASCA002SA;Sasha;Razputin, you have surprised us yet again. I cannot thank you enough for what you've done.;แรซปูติน เธอทำให้พวกเราประหลาดใจอีกแล้ว ไม่รู้จะขอบคุณยังไงกับสิ่งที่เธอทำ
ASCA003RA;Raz;Hey, hey. All in a day's work for a Psychonaut.;เฮ้ๆ เรื่องแค่นี้ จิ๊บๆ สำหรับ ไซโคนอท อย่างผม
ASCA004SA;Sasha;Ha ha. Well... PSI CADET, you mean.;"ฮ่าๆ อืม... หมายถึง ""นักเรียนพลังจิต"" มากกว่านะ"
ASCA005LI;Lili;Hey, the Psychonauts should be so lucky to get someone like Raz. The brain he's got in there is--;นี่ ไซโคนอท ต้องโชคดีมากแน่ๆ ที่ได้คนอย่าง แรซ สมองของเขานี่มัน...
ASCA006CO;Coach;Is one in a million! Thanks to all of you for bringing it straight to my door!;เป็นหนึ่งในล้าน! ต้องขอบคุณ ทุกคนเลย ที่มาส่งมันถึงหน้าบ้านฉันขนาดนี้!
ASCA007MI;Milla;(Gasp!);(อุทาน!)
ASCA008SA;Sasha;Oleander!;โอลีแอนเดอร์!
ASCA009RA;Raz;You! ;แก!
ASCA010RA;Raz;You took all my friends' brains, you turned an innocent fish into a giant monster, you stole all the teachers--DERAILING MY EDUCATION--AND you kidnapped--;แกขโมยสมองเพื่อนฉัน แกเปลี่ยนปลาให้กลายเป็นสัตว์ประหลาด แกขโมยครูทุกคน ทำให้การเรียนของฉันพังพินาศ แถมยังลักพาตัว...
ASCA011RA;Raz;MY GIRLFRIEND!;"""แฟน-ของ-ฉัน!"""
ASCA012SA;Sasha;Razputin, this fight is too big for you.;แรซปูติน การต่อสู้ครั้งนี้ใหญ่เกินไปสำหรับเธอ
ASCA013RA;Raz;Back home I had to clean up after the elephants, so trust me, I know how to take care of this ugly, little pile of--;ที่บ้าน ผมต้องคอยทำความสะอาดโชว์ช้าง เชื่อผม ผมรู้วิธีจัดการกับก้อนน่าเกลียดๆ--
ASCA014MI;Milla;Kids, let the grown-ups handle this.;เด็กๆ ปล่อยให้ผู้ใหญ่จัดการเถอะ
ASCA015CO;Coach;You tall people!;พวกตัวสูง!
ASCA016RA;Raz;Sasha!;ซาช่า!
ASCA017LI;Lili;We get to kill him too!;เราก็อยากฆ่าเขาด้วย!
ASCA018RA;Raz;Ahhhhh!;อ๊ากกก!
ASCA019ED;Edgar;Well, it's official. The genius is back!;เอาล่ะ อัจฉริยะกลับมา อย่างเป็นทางการแล้ว!
ASCA020ED;Edgar;Time to go get ready for my gallery show.;ได้เวลาไปเตรียมตัวสำหรับงานแสดงภาพของฉันแล้ว
ASCA021ED;Edgar;Rrrrrrr... Ahhh!;Rrrrrrr... Ahhh!
ASCA022ED;Edgar;Uh-oh. This looks bad.;โอ๊ะโอ ท่าไม่ดีแล้ว
ASCA023ED;Edgar;(Sniff sniff, sniff);(สูดดมๆ)
ASCA024ED;Edgar;Ah, well, that's good. Someone must have turned off the gas long ago.;อ่า ยังดี คงมีคนไปปิดแก๊สเมื่อนานมาแล้ว
ASCA025GL;Gloria;Oh, here's what my poor flowers need! A little water!;โอ้ นี่แหละที่ดอกไม้ของฉันต้องการ! น้ำนิดหน่อย!
ASCA026ED;Edgar;Oh, no. I spilled all my turpentine and acetone!;โอ้ ไม่นะ! ฉันทำน้ำมันสนกับอะซิโตนหกหมดเลย!
ASCA027FR;Fred;Hey, Boyd. Long time no see!;ไง บอยด์ ไม่เจอกันนานเลยนะพวก!
ASCA028ED;Edgar;Oh, Mr. Orderly. I did not see you there. I was just taking a little therapeutic walk in the moonlight;โอ้ คุณพยาบาล ผมไม่ทันเห็นคุณเลย ผมแค่มาเดินเล่น บำบัดใต้แสงจันทร์...
ASCA029FR;Fred;Relax. The asylum's closed. We can all go home.;ใจเย็นน่า ที่นี่ปิดแล้ว พวกเรากลับบ้านได้
ASCA030GL;Gloria;Leave? Here?;ไป? จากนี่เหรอ?
ASCA031FR;Fred;Yeah, this place is for crazy people. And I don't know about you but I ain't crazy no more!;ใช่ นี่มันที่ของคนบ้า ฉันไม่รู้ว่านายเป็นยังไง แต่ฉันหายบ้าแล้ว!
ASCA032ED;Edgar;I have to tell you, I'm feeling pretty good.;ผมต้องบอกว่า ผมรู้สึกดีมากๆ เลย
ASCA033GL;Gloria;You know, maybe it is time for us all to move on.;รู้ไหม บางทีมันอาจถึงเวลาที่เราต้องก้าวต่อไปแล้วล่ะ
ASCA034FR;Fred;What do you think, Boyd?;นายคิดว่าไง บอยด์?
ASCA035FR;Fred;You ready to blow this popsicle stand?;พร้อมจะเผาแท่งไอติมนี่หรือยัง?
ASCA036BO;Boyd;The Milkman has completed his route.;คนส่งนม ส่งนมเสร็จสิ้นแล้ว
ASCA037BO;Boyd;You guys want to split a cab?;พวกนายอยากหารแท็กซี่กันไหม?
ASCA038RA;Raz;And the crib wasn't even that clean!;ไม่แม้จะได้เก็บกวาดเลยด้วยซ้ำ!
ASCA039RA;Raz;I mean, what do I have to do to get those guys to take me seriously?;ฉันต้องทำยังไง พวกเขาถึงจะยอมรับฉันสักที?
ASCA040LI;Lili;When are you going to shut up and kiss me?;เมื่อไหร่นายจะหุบปากแล้วจูบฉันสักที?
ASCA041RA;Raz;Um... I can hear that.;เอ่อ... ฉันได้ยินนะ
ASCA042LI;Lili;I know.;รู้แล้วน่า
ASCA043SA;Sasha;Surrender!;ยอมแพ้ซะ!
ASCA044CO;Coach;Never!;ไม่มีวัน!
ASCA045FO;Ford;The Psychonauts have a word for people who turn on their own!;ไซโคนอท มีคำเรียก พวกทรยศอยู่!
ASCA046CO;Coach;Ha! I don't need the Psychonauts anymore! I'm making my own army! Got a word for that?;ฮ่า! ฉันไม่ต้องการ ไซโคนอท อีกแล้ว! ฉันจะสร้างกองทัพของตัวเอง! มีคำเรียกพวกนั้นไหมล่ะ?
ASCA047FO;Ford;Yeah. Gesundheit!;มีสิ หายไวๆ นะ!
ASCA048CO;Coach;Heh?;หือ?
ASCA049CO;Coach;Ah... ahh... ahhhh AHCHOO!;อ๊ะ... อ๊ะ... อ๊ะ... เอ้ดเช้ย!
ASCA050RA;Raz;Hey, that was my fight! I was ready for that one!;เฮ้ นั่นมันการต่อสู้ของผม! ผมพร้อมสู้นะ!
ASCA051SA;Sasha;Always in such a rush, Razputin. It takes years before you're ready for combat of that magnitude.;รีบร้อนเสมอเลยนะ แรซปูติน ต้องใช้เวลาหลายปี กว่าจะพร้อมสำหรับการต่อสู้ระดับนั้น
ASCA052FO;Ford;You'd be surprised, Nein. This one's been acing all my extra credit exams.  ;อย่าดูถูก แรซ นะ ไนน์ เขาสอบผ่านทุกวิชาพิเศษของฉันเลย
ASCA053RA;Raz;I beat the Coach once already, and I can do it again.;ผมเคยชนะโค้ชมาแล้ว ผมทำได้อีกแน่!
ASCA054MI;Milla;Darling, that was just a remote projection of the Coach. He wasn't as strong as he would be...;ที่รัก นั่นมันแค่ร่างจำลองของโค้ช เขาไม่แข็งแกร่งเท่าตอนที่...
ASCA055MI;Milla;...if he were to appear... in the real world.;...เขาปรากฏตัว... ในโลกแห่งความจริง
ASCA056CO;Coach;Teeee Veee?;ทีวี?
ASCA057MI;Milla;Ha ha ha!;ฮ่าๆๆ!
ASCA060CO;Coach;Teee VEEE?;ทีวี?
ASCA061RA;Raz;Where's his brain?;สมองเขาอยู่ไหน?
ASCA062SA;Sasha;Oh, probably stuck in one of his plans to take over the world somewhere.;โอ้ คงจะติดอยู่กับแผนการยึดครองโลก ของเขาที่ไหนสักแห่งแหละ
ASCA063SA;Sasha;Ha ha!;ฮ่าๆ!
ASCA066CO;Coach;Hey. How's the weather down there.;เฮ้ อากาศข้างล่างเป็นไงบ้าง
ASCA067CO;Coach;Ah, finally. Alone at last, eh Razputin?;อ้า ในที่สุด ก็ได้อยู่กันตามลำพังสักที แรซปูติน
ASCA068RA;Raz;Glad you're finally picking on someone your own size!;ดีใจด้วยนะ ในที่สุดแกก็เลือกสู้กับคนตัวเท่ากัน!
ASCA069CO;Coach;Yes, I've been dying for a chance to... PICK YOUR BRAIN.;"ใช่ ฉันรอโอกาสที่จะ... ""ขโมยสมองแก"" มานานแล้ว"
ASCA070RA;Raz;Two can play that game!;เกมนี้เล่นได้แค่สองคน!
ASCA071CO;Coach;Yeah, but only one can win!;ใช่ แต่มีคนเดียวที่จะชนะ!
ASCA072CO;Coach;Bwah ha ha ha!;บว้า ฮ่าๆๆ!
ASSH009SH;Sheegor;Now you're back, Mr. Pokeylope, and you'll tell us what to do!;ตอนนี้คุณกลับมาแล้ว มิสเตอร์โพคีโลพ คุณจะบอกเราว่าควรทำอะไร!
ASSH010SH;Sheegor;Right? You've got a plan or something, right Mr. Pokeylope?;ใช่ไหมคะ? คุณมีแผนอะไรสักอย่าง ใช่ไหมคะ มิสเตอร์โพคีโลพ?
ASSH011SH;Sheegor;Right???;ใช่ไหมคะ???
ASSH012PL;Mr.Pokeylope;That's right baby. Daddy's here. Everything's gonna be alllll right.;แน่นอนน้องหนู ป๊ะป๋าอยู่นี่แล้ว ทุกอย่างจะโอเค
ASSH013PL;Mr.Pokeylope;Now here's what we're gonna do.;เอาล่ะ เราจะทำอย่างนี้
ASSH014SH;Sheegor;Mmm. Uh-huh. Uh-huh. Mmm. Okay. Uh-huh. Uh-hmmm. Uh-hmmm;อืม อือฮึ อือฮึ อื้ม โอเค อือฮึ อือฮึม อือฮึม...
ASSH015PL;Mr.Pokeylope;(Mutter mutter.);(พึมพำๆ)
ASIF002NP;Napoleon;Sacré bleu! I have been hit!;Sacré bleu! ข้าโดนโจมตี!
ASIG000GL;Gloria;OH!;โอ้!
ASIG002GL;Gloria;Now, who threw that?;ใครขว้างมากันน่ะ
ASIG003GL;Gloria;"If you don't like the performance, a simple ""boo"" will do.";"ถ้าไม่ชอบการแสดง แค่""โห่""เบาๆ ก็พอแล้ว"
ASIB001BO;Boyd;Gah!;อ๊าก!
ASIB002BO;Boyd;Not another tracking device!;ไม่เอาเครื่องติดตามอีกแล้วนะ!
ASGT000GL;Gloria;Oh, you found my old trophy!;โอ้ เธอเจอถ้วยรางวัลเก่าของฉันแล้วเหรอ!
ASGT001GL;Gloria;I should really put that thing away, before somebody hurts themselves on that gleaming, metal, clawlike part on the top. ;ฉันน่าจะเก็บมันให้ดีๆ จะได้ไม่มีใครโดนไอ้ส่วนแหลมๆ เหมือนกรงเล็บข้างบนนั่นบาดเอา
ASGT002GL;Gloria;Say, would you like to hear the story of how I won that award, dear boy?;อยากฟังเรื่องที่ฉันได้รางวัลนี้ไหมจ๊ะ หนุ่มน้อย?
ASGT003GL;Gloria;Or are you trying to take it, because you don't think I deserve it?;หรือว่าเธอจะมาแย่ง เพราะคิดว่าฉันไม่สมควรได้มัน?
ASGT004RA;Raz;No, no. You deserve it!;ไม่ๆ คุณสมควรได้มันครับ!
ASGT005GL;Gloria;I didn't take anything from you! I didn't ask to be famous! I just wanted you to love me!;ฉันไม่ได้แย่งอะไรจากเธอ! ฉันไม่ได้อยากดัง! ฉันแค่อยากให้เธอรักฉัน!
ASGT006GL;Gloria;Hey...;นี่...
ASGT007RA;Raz;What?;อะไรครับ?
ASGT008GL;Gloria;YOU'RE SUPPOSED TO BE DEAD!;แกต้องตายไปแล้วสิ!
ASGT011GL;Gloria;Oh, you're back to...;โอ้ กลับมาเป็น...
ASGT012GL;Gloria;Take away everything I've worked for because you're jealous!;จะมาเอาทุกสิ่งที่ฉันสร้างมา เพราะอิจฉาฉันใช่ไหม!
ASGT014GL;Gloria;My award! Trying to leave me;รางวัลของฉัน! จะทิ้งฉันไปอีกแล้ว
ASGT015GL;Gloria;Just like everybody else!;เหมือนคนอื่นๆ!
ASGT016GL;Gloria;Back where you were my old friend. No one walks out on;กลับไปที่ที่แกเคยอยู่เถอะ เพื่อนเก่า ไม่มีใครกล้าทิ้ง
ASGT017GL;Gloria;Gloria Von Gouten!;{กลอเรีย วอน โกเตน}!
ASEG001GL;Gloria;Now, that's all the time I can give you, Mr. Reporter. I love the press, but simply must get back to the fans!;หมดเวลาแล้วค่ะ คุณนักข่าว ฉันชอบสื่อนะ แต่ต้องกลับไปหาแฟนๆ แล้วล่ะ!
ASGD052RA;Raz;Excuse me, ma'am, but did you see a girl--;ขอโทษนะครับ คุณป้า เห็นผู้หญิง...
ASAB000RA;Raz;Have you crows seen a--;พวกแกเห็น...
ASAB001RA;Raz;Hey! I was talking to you, jerks!;เฮ้! คุยกับพวกแกอยู่นะ พวกบ้า!
ASAB002RA;Raz;Hey, could you guys hold still for a minute?;เฮ้ พวกแกนิ่งๆ สักแป๊บได้ไหม?
ASAB003RA;Raz;I'm trying to read your minds.;ผมพยายามจะอ่านใจพวกแกอยู่
ASAB004RA;Raz;Gah, it's no use! All they think about is worms.;เฮ้อ ไม่ได้เรื่องเลย! พวกแกคิดแต่เรื่องหนอน
ASAB005RA;Raz;So gross.;ขยะแขยง
ASAB006RA;Raz;How about you?;แล้วแกละ?
ASAB007RA;Raz;Seen any suspicious characters around here lately?;เห็นใครน่าสงสัยแถวนี้บ้างไหม?
ASAB008RA;Raz;Yeah, yeah. Bugs are delicious.;เออๆ แมลงอร่อย
ASAB009RA;Raz;Tell me something I don't already know.;บอกอะไรที่ผมยังไม่รู้บ้างสิ
ASAB010RA;Raz;I don't suppose you all want to pull together and lift me up into that tower?;พวกแกไม่อยากช่วยกันยกผมขึ้นไปบนหอคอยนั่นหน่อยเหรอ?
ASAB011RA;Raz;Yeah, yeah. Caw, caw, caw!;เออๆ กาๆๆ!
ASAC000RA;Raz;I don't want to hang it there. It's part of my costume!;ผมไม่ได้อยากแขวนมันตรงนั้น นี่มันส่วนหนึ่งของชุดผมนะ!
ASAD000RA;Raz;Gloria didn't win that trophy for me to mess around with it.;{กลอเรีย}ไม่ได้ได้รางวัลมาให้ผมเอามาเล่นซะหน่อย
ASAD001RA;Raz;She won it so I could use it as a disguise!;เขาได้รางวัลมาให้ผมใช้เป็นเครื่องแต่งกายต่างหาก!
ASAD002RA;Raz;Finally! Recognition for my acting talents!;ในที่สุด! ผมก็ได้แสดงความสามารถทางการแสดงสักที!
ASAD003RA;Raz;Raaar!;แฮ่!
ASAE000RA;Raz;Guess I'm locked outside.;สงสัยจะโดนขังข้างนอกซะแล้ว
ASAF000RA;Raz;I don't wanna tickle that right now.;ตอนนี้ไม่อยากจั๊กจี้เจ้านั่นหรอก
ASCA073LI;Lili;Wow.;ว้าว
ASAA000PL;Mr.Pokeylope;Ow!;โอ๊ย!
ASAA001PL;Mr.Pokeylope;Hey!;เฮ้!
ASAA002PL;Mr.Pokeylope;Careful, there, now!;ระวังหน่อยสิ!
ASAA003PL;Mr.Pokeylope;Nice and easy...;ค่อยๆ นะ...
ASAA004PL;Mr.Pokeylope;You gotta get rid of that mangy old brain, so he'll use my pretty one instead.;เธอต้องกำจัดสมองเก่าๆ นั่นซะ เขาจะได้ใช้สมองสวยๆ ของฉันแทนไงล่ะ
ASAA005PL;Mr.Pokeylope;Throw away that old mangy brain!;ทิ้งสมองเก่าๆ เน่าๆ นั่นไปเลย!
ASAA006PL;Mr.Pokeylope;Put me up on that pedestal, so he'll use me in the tank.;เอาฉันขึ้นไปบนแท่นนั่น เขาจะได้เอาฉันไปใส่ในแท็งก์
ASAA007PL;Mr.Pokeylope;or...;หรือว่า...
ASAA008PL;Mr.Pokeylope;The tank's empty!;แท็งก์มันว่างเปล่า!
ASAA009PL;Mr.Pokeylope;Now's your chance!;นี่แหละโอกาส!
ASAA010PL;Mr.Pokeylope;Throw me in there!;โยนฉันเข้าไปเลย!
ASAA011PL;Mr.Pokeylope;Throw me into the Brain Tank!;โยนฉันเข้าไปใน{Brain Tank}เลย!
ASAA012PL;Mr.Pokeylope;If we could just get my beautiful mind into that tank's brain chamber, I could do some real damage!;ถ้าเอาสมองสวยๆ ของฉันเข้าไปในห้องสมองของแท็งก์ได้นะ ฉันจะก่อเรื่องให้ดู!
ASAA013PL;Mr.Pokeylope;Good!;ดีมาก!
ASAA014PL;Mr.Pokeylope;Almost!;เกือบแล้ว!
ASAH000LF;Linda;What's going on! What's that sound?;เกิดอะไรขึ้น! นั่นเสียงอะไรน่ะ?
ASAH001SH;Sheegor;Oh the insane asylum just blew up. But don't worry. Mr. Pokeylope helped me save all the brains before it fell down.;โอ้ โรงพยาบาลบ้าระเบิดค่ะ แต่ไม่ต้องห่วงนะคะ มิสเตอร์โพคีโลพ ช่วยฉันเก็บสมองทั้งหมดไว้ได้ก่อนที่มันจะถล่มลงมา
ASAH002LF;Linda;Mr. Pokeylope?;มิสเตอร์โพคีโลพ เหรอ?
ASAH003LF;Linda;Sam? Is that you? It's me, Linda. From the lake?;แซม? นั่นเจ้ารึ? นี่ข้าเอง ลินดา จากทะเลสาบ?
ASAH004PL;Mr.Pokeylope;Linda. I haven't seen you in ages. You look so... different.;ลินดา ฉันไม่ได้เจอเธอมันตั้งนาน เธอดู... เปลี่ยนไปเยอะนะ
ASAH005LF;Linda;Uh, yeah. I've put on a little weight.;อ้าา ใช่ ข้าหนักขึ้นนิดหน่อย
ASAH006PL;Mr.Pokeylope;Ah, you know I don't mind that onnnnne bit.;อ้า เธอก็รู้ ฉันไม่แคร์เรื่องนั้นสักกกกกกนิด
ASAH007LF;Linda;Oh, Sam. You haven't changed at all!;โถ่ แซม เจ้านี่ไม่เปลี่ยนไปเลยนะ!
ASAH008LF;Linda;Ah ha ha!;ฮ่าๆๆ!
ASUP000SH;Sheegor;(pant!);(หอบ!)
ASUP005SH;Sheegor;Eek!;วี้!
ASUP006SH;Sheegor;Eep!;วี้!
ASUP007SH;Sheegor;Yeep!;วี้!
ASUP009SH;Sheegor;Ah!;อ๊ะ!
ASUP010SH;Sheegor;Grrk!;กรร!
ASUP011SH;Sheegor;Scram!;ไป!
ASUP012SH;Sheegor;Beat it!;ไปเลย!
ASUP013SH;Sheegor;Get lost!;ไปให้พ้น!
ASUQ000SH;Sheegor;This is your last warning. Go back down right now or you'll be very, very sorry.;นี่เป็นคำเตือนสุดท้ายนะ กลับลงไปเดี๋ยวนี้ ไม่งั้นเธอจะต้องเสียใจมากๆ เลย
ASAI000LO;Dr.Loboto;Ah ha! What's this?;อ๊ะฮ่า! นี่อะไรน่ะ?
ASAI001LO;Dr.Loboto;Why it's a nice... little... precious... juicy...;นี่มัน สมอง... เล็กๆ... น่ารัก... ชุ่มฉ่ำ...
ASAI002LO;Dr.Loboto;BRAIN. ;สมอง นี่นา
ASAI003LO;Dr.Loboto;Wrapped up in some sort of boy-shaped gobbly-gook!;ห่ออยู่ในห่ออะไรก็ไม่รู้ รูปร่างเหมือนเด็กผู้ชาย!
ASAI004LO;Dr.Loboto;Well, we'll soon have all that excess tissue removed, and then we can slip that brain into something more comfortable. ;เอาล่ะ เดี๋ยวเราจะเอาเนื้อเยื่อส่วนเกินออกให้หมด แล้วค่อยใส่สมองเข้าไปในที่ที่สบายกว่านี้
ASAI005LO;Dr.Loboto;SHEEGOR!;{ชีกอร์}!
ASAI006LO;Dr.Loboto;That package General Oleander mentioned has arrived. ;พัสดุที่{นายพลโอลีแอนเดอร์}พูดถึงมาถึงแล้ว
ASAI007LO;Dr.Loboto;Please take it up to the holding area and keep it fresh until I'm ready... ;เอาไปไว้ที่ห้องเก็บของ แล้วดูแลให้ดี จนกว่าฉันจะพร้อม...
ASAI008LO;Dr.Loboto;...to stick in my thumb, and pull out a... plum!;...เอานิ้วจิ้มลงไป แล้วดึงเอา... ลูกพลัมออกมา!
ASAI009LO;Dr.Loboto;Ha ha ha ha!;ฮ่าๆๆๆ!
ASAI010SH;Sheegor;I tried to warn you.;ข้าเตือน**นาย**แล้วนะ
ASAJ000SH;Sheegor;Please don't make him any more angry than he is! Mr. Pokeylope's life is on the line!;ได้โปรดอย่าทำให้เขาโกรธไปมากกว่านี้เลย! ชีวิตของ**มิสเตอร์โพคีโลพ**แขวนอยู่บนเส้นด้ายนะ!
ASAJ001RA;Raz;That was the last time I'll get caught, I promise!;รับรองว่าข้าจะไม่โดนจับได้อีกแล้ว!
ASAK000RA;Raz;Listen, the man you're working for is a deranged lunatic!;ฟังนะ คนที่**เธอ**ทำงานให้เนี่ย มันเป็นไอ้โรคจิตสติเฟื่องชัดๆ!
ASAK001SH;Sheegor;I know! I hate him, but if I don't do what he says, he'll... he'll;ข้ารู้! ข้าเกลียดเขา แต่ถ้าข้าไม่ทำตามที่เขาบอก เขาจะ... เขาจะ...
ASAK002RA;Raz;Cook your little turtle from the inside out.;เอาเต่าน้อยของ**เธอ**ไปย่างสดๆ จากข้างในไงล่ะ
ASAK003SH;Sheegor;Gaahhhhh...;ก๊าาาา...
ASAK004RA;Raz;Sheegor, hostage situations like this are always extremely delicate.;**ชีกอร์** สถานการณ์จับตัวประกันแบบนี้มันละเอียดอ่อนมากนะ
ASAK005RA;Raz;I'll have to extract Mr. Pokeylope from his prison using my psychic powers.;ข้าคงต้องใช้พลังจิตดึงตัว**มิสเตอร์โพคีโลพ**ออกมาจากที่คุมขังซะแล้ว
ASAK006RA;Raz;After which, this Loboto character should be fairly trivial to neutralize.;หลังจากนั้น การจัดการไอ้**โลโบโต้**นั่นก็คงเป็นเรื่องกล้วยๆ
ASAK007SH;Sheegor;Yes, because once we get Mr. Pokeylope back, he'll tell us what to do.;ใช่แล้ว เพราะพอเราได้**มิสเตอร์โพคีโลพ**กลับมา เขาจะบอกเราเองว่าจะต้องทำอะไร
ASAK008SH;Sheegor;He always tells me what to do.;เขามักจะบอกข้าเสมอว่าต้องทำอะไร
ASAK009RA;Raz;Yes...;อืม...
ASAL000SH;Sheegor;Oh, poor Mr. Pokeylope.;โอ้ น่าสงสาร**มิสเตอร์โพคีโลพ**จัง
ASAL001SH;Sheegor;He never hurt anyone.;เขาไม่เคยทำร้ายใครเลยนะ
ASAL002SH;Sheegor;Oh, please don't let anything happen to him.;ได้โปรด อย่าให้มีอะไรเกิดขึ้นกับเขาเลยนะ
ASAL003SH;Sheegor;I wish he were here right now so he could tell me what to do.;ข้าอยากให้เขาอยู่ที่นี่ตอนนี้จังเลย เขาจะได้บอกข้าว่าต้องทำอะไร
ASAL004SH;Sheegor;Mr. Pokeylope!;**มิสเตอร์โพคีโลพ**!
ASAL005SH;Sheegor;I made him his favorite chocolate cake, and he can't even come up here to enjoy it.;ข้าทำเค้กช็อกโกแลตที่เขาชอบให้ แต่เขากลับขึ้นมาข้างบนนี้เพื่อกินมันไม่ได้
ASAL006SH;Sheegor;Boo hoo hoo!;ฮือๆๆ!
ASAL008SH;Sheegor;(Whimpery tears.);(ร้องไห้สะอึกสะอื้น)
ASAL012SH;Sheegor;Don't worry, Mr. Pokeylope. I'll guard your body and we'll get your brain back really soon. It's doing important work right now. It's on a mission.;ไม่ต้องห่วงนะ**มิสเตอร์โพคีโลพ** ข้าจะปกป้องร่างของ**นาย**เอง แล้วเราจะเอามันสมองของ**นาย**กลับมาในเร็ววัน ตอนนี้มันกำลังทำหน้าที่สำคัญอยู่ มันอยู่ในภารกิจ
ASAM000SH;Sheegor;I warned you not to come up here! They know you're coming!;ข้าเตือน**นาย**แล้วไงว่าอย่าขึ้นมา! พวกเขารู้ว่า**นาย**กำลังมา!
ASAM001SH;Sheegor;They're going to take your brain!;พวกเขากำลังจะเอาสมองของ**นาย**ไป!
ASLB000SH;Sheegor;Yes you are! Yes you are!;ใช่แล้ว! ใช่แล้ว!
ASLB001SH;Sheegor;Mr. Pokeylope, he's my king! ;**มิสเตอร์โพคีโลพ** เขาคือราชาของข้า!
ASLB002SH;Sheegor;La la la la everything!;ลา ลา ลา ลา ทุกสิ่งทุกอย่าง!
ASLB003SH;Sheegor;What's that Mr. Pokeylope?;อะไรนะ **มิสเตอร์โพคีโลพ**?
ASLB004SH;Sheegor;Uh huh. Uh huh.;อือฮึ อือฮึ
ASLB005SH;Sheegor;Hee hee hee hee hee hee!;ฮี่ๆๆๆๆๆๆ!
ASLB006SH;Sheegor;You're so funny Mr. Pokeylope.;**มิสเตอร์โพคีโลพ**ตลกจังเลย!
ASLB007SH;Sheegor;Hee hee hee.;ฮี่ๆๆๆ
ASLB008SH;Sheegor;Aw. So cute.;อ๊า น่ารักจัง
ASLB009SH;Sheegor;Someone's got chocolate breath! Someone does!;ใครมีกลิ่นช็อกโกแลตนะ! ใครกันนะ!
ASLB010SH;Sheegor;Oh mwah, mwah, mwah!;โอ้ จุ๊บๆๆ!
ASLB011SH;Sheegor;Mwah mwah mwah!;จุ๊บๆๆ!
ASLB012SH;Sheegor;(Kiss!);(จูบ!)
ASAN000RA;Raz;So... did you say they knew I was coming?;ว่าแต่... **เธอ**บอกว่าพวกเขารู้ว่าข้ากำลังมางั้นเหรอ?
ASAN001SH;Sheegor;Yeah. That little army man ought to be here any second.;ใช่แล้ว ไอ้ทหารตัวจิ๋วคนนั้นน่าจะมาถึงในอีกไม่ช้านี้แหละ
ASAN002SH;Sheegor;Ow! Quit it!;โอ๊ย! หยุดนะ!
ASAN003SH;Sheegor;Maybe they're right. Maybe you are mean and they should put your brain in one of those tanks.;บางทีพวกเขาอาจจะพูดถูก **นาย**อาจจะใจร้ายจริงๆ และพวกเขาควรจะเอาสมองของ**นาย**ไปใส่ไว้ในแทงค์พวกนั้น
ASAN004SH;Sheegor;Or else Mr. Pokeylope here will bite you on the pinky toe. Isn't that right Mr. P? ;ไม่งั้น**มิสเตอร์โพคีโลพ**จะกัดนิ้วก้อยของ**นาย**นะ จริงมั้ย**มิสเตอร์พี**?
ASAN005SH;Sheegor;Don't even try it.;อย่าแม้แต่จะคิด!
ASAN006SH;Sheegor;Ooohhhhh ohhhhhohhhh... ;โอ้ โอ โอ...
ASAN007SH;Sheegor;Oh, poor Mr. Pokeylope doesn't even know that I made his favorite cake today. He loves chocolate cake so much. If only he knew!;โอ้ น่าสงสาร**มิสเตอร์โพคีโลพ**จัง เขาไม่รู้ด้วยซ้ำว่าวันนี้ข้าทำเค้กที่เขาชอบให้ เขาน่ะชอบเค้กช็อกโกแลตมากๆ เลยนะ ถ้าเขารู้ก็คงจะดี!
ASAN008SH;Sheegor;(she cries);(**เธอ**ร้องไห้)
ASSI000SH;Sheegor;Dr. Loboto. I have a new brain for you. It's...;ดร.**โลโบโต้** ข้ามีสมองใหม่มาให้ มันคือ...
ASSI001SH;Sheegor;It's a really, really good one.;มันเป็นสมองที่ดีมากๆ เลยนะ
ASSI002LO;Dr.Loboto;That's what you always say, Sheegor.;**เธอ**ก็พูดแบบนี้ทุกทีแหละ **ชีกอร์**
ASSI003SH;Sheegor;No, this one is really special. It's a fighter.;ไม่นะ อันนี้มันพิเศษจริงๆ มันเป็นนักสู้!
ASSI004LO;Dr.Loboto;Oh, just leave it there and I'll get to it right after I'm done with this experiment! ;โอ้ เอามันวางไว้ตรงนั้นแหละ แล้วข้าจะจัดการต่อหลังจากที่ข้าทำการทดลองนี้เสร็จแล้ว!
ASSI005SH;Sheegor;O-o-okay.;อ-อ-โอเค
ASSI006PL;Mr.Pokeylope;Don't worry, baby. Just make sure I get put in that ol' tank and Daddy will take care of business.;ไม่ต้องห่วงน่าที่รัก แค่ให้แน่ใจว่าข้าได้เข้าไปอยู่ในแทงค์นั่น แล้วป๊ะป๋าจะจัดการเอง
ASSI007SH;Sheegor;I can't watch!;ข้าดูไม่ได้!
ASAO000PL;Mr.Pokeylope;It's time to make the soup!;ได้เวลาทำซุปแล้ว!
ASAO001LO;Dr.Loboto;Ahhhh! Ahhhhh!;อ๊า! อ๊า!
ASAO002LO;Dr.Loboto;Ahhhhhhhhhhhh!;อ๊าาาาาาาาาาา!
ASLR009RA;Raz;Milla!;**มิลล่า**!
ASLR010RA;Raz;LILI!!!;**ลิลี่**!!!
ASUR000RA;Raz;Well, here I am, up in the tower of an abandoned insane asylum. Wearing a straitjacket.;เอาล่ะ ในที่สุดข้าก็มาถึงหอคอยของโรงพยาบาลบ้าที่ถูกทิ้งร้าง ใส่เสื้อคนไข้
ASUR001RA;Raz;Talking to myself. ;และกำลังพูดอยู่คนเดียว
ASUR002RA;Raz;Okay enough with the disguise.;โอเค พอได้แล้วเรื่องปลอมตัว
ASUR003RA;Raz;The things I do for Lili's brain.;ข้าทำทุกอย่างก็เพื่อสมองของ**ลิลี่**
ASUR004RA;Raz;Well, if I'm going to get to the top of this thing, I'd better start hiking.;เอาล่ะ ถ้าข้าจะขึ้นไปบนยอดของที่นี่ ข้าคงต้องเริ่มปีนขึ้นไปซะแล้ว
ASPR000SA;Sasha;But Razputin. Recranialization of an adult brain without surgery...;แต่**แรซปูติน** การผ่าตัดใส่สมองคืนให้กับสมองของผู้ใหญ่โดยไม่ต้องผ่าตัด...
ASPR001MI;Milla;That's a very advanced procedure. How did you know how to do it?;นั่นมันเป็นวิธีการที่ล้ำสมัยมากเลยนะ **นาย**รู้ได้ยังไงว่าต้องทำยังไง?
ASPR002RA;Raz;Well, I've studied it a little;เอ่อ ข้าก็ศึกษามานิดหน่อยน่ะ...
ASPR003RA;Raz;But Sheegor here knows more about handling brains than anyone I've ever met.;แต่**ชีกอร์**ที่อยู่ตรงนี้รู้เรื่องการจัดการสมองดีกว่าใครที่ข้าเคยเจอมาเลยนะ
ASPR004SA;Sasha;Really? You know I've been thinking about getting a lab assistant...;จริงเหรอ? ข้ากำลังคิดว่าจะหาผู้ช่วย**แล็บ**อยู่พอดีเลย...
ASPR005MI;Milla;Sheegor, darling, do you know where all of the other children's brains are?;**ชีกอร์** ที่รัก **เธอ**รู้มั้ยว่าสมองของเด็กคนอื่นๆ อยู่ที่ไหนกันหมด?
ASPR006SA;Sasha;Well, if you can lead us to them--;ถ้า**เธอ**สามารถนำทางพวกเราไปหาพวกเขาได้...
ASPR007SA;Sasha;We can bring them back to their owners... immediately...;พวกเราจะสามารถนำสมองของพวกเขาคืนให้กับเจ้าของได้... ทันที...
ASPR008LI;Lili;A-hem!;เอ่ม!
ASPR009SA;Sasha;Immediately after we break young Ms. Zanotto here out of her restraints.;ทันทีหลังจากที่พวกเราช่วยคุณหนู**ซาน็อตโต้**ออกจากเครื่องพันธนาการนี่
ASAP002LI;Lili;Careful!;ระวังหน่อย!
ASAP003LI;Lili;Maybe try it at the same time!;ลองทำพร้อมๆ กันดูสิ!
ASAP004LI;Lili;Raz! Come on! We need your help!;**แรซ**! เร็วเข้า! พวกเราต้องการความช่วยเหลือจาก**นาย**!
ASAP005LI;Lili;Oof!;อุ๊ฟ!
ASAP006LI;Lili;It's getting hot.;มันเริ่มร้อนแล้ว
ASAP007LI;Lili;That almost went in my eye.;เกือบเข้าตาข้าแล้ว!
ASAP008LI;Lili;If I didn't have this hat on, I'd bust this thing myself.;ถ้าข้าไม่ได้ใส่หมวกใบนี้อยู่ ข้าคงพังมันเองไปแล้ว
ASAP009LI;Lili;Harder!;แรงกว่านี้!
ASAP010SA;Sasha;Come on!;เร็วเข้า!
ASAP011SA;Sasha;Break!;พังซะ!
ASAP012SA;Sasha;What did he make this out of?;เขาทำนี่มาจากอะไรเนี่ย?
ASAP013SA;Sasha;Milla, let's try it without the omega phasing.;**มิลล่า** ลองทำโดยไม่ใช้โอเมก้าเฟสดูสิ
ASAP014SA;Sasha;Are you sure you're using prime oscillations?;แน่ใจนะว่า**เธอ**ใช้ไพรม์ออสซิลเลชั่น?
ASAP015SA;Sasha;Maybe it's been psychically sealed?;หรือว่ามันจะถูกผนึกด้วยพลังจิต?
ASAP016SA;Sasha;Razputin, we could use a hand.;**แรซปูติน** พวกเราต้องการความช่วยเหลือจาก**นาย**นะ
ASAP017MI;Milla;NNg.;อืม
ASAP018MI;Milla;Ha!;ฮ่า!
ASAP019MI;Milla;Ohhhh.;โอ้
ASAP020MI;Milla;Grr.;แง่ง
ASAP021MI;Milla;Let's synchronize our sub harmonic pulses.;มาซิงโครไนซ์คลื่นความถี่ฮาร์มอนิกย่อยกัน
ASAP022MI;Milla;At the same time. One, two, three!;พร้อมกันนะ หนึ่ง สอง สาม!
ASAP023MI;Milla;Almost got it that time I think!;ข้าว่าเกือบได้แล้วนะเมื่อกี๊!
ASAP024MI;Milla;Oh, hold on. Maybe this way.;โอ้ เดี๋ยวก่อน บางทีอาจจะต้องทำแบบนี้
ASAP025MI;Milla;Okay, now I'm really mad.;โอเค ตอนนี้ข้าเริ่มโมโหแล้วนะ
ASAP026MI;Milla;Hang on, Lili.;อดทนหน่อยนะ**ลิลี่**
ASAP027MI;Milla;Raz, darling. Why aren't you helping?;**แรซ** ที่รัก ทำไม**นาย**ไม่ช่วยพวกเราเลยล่ะ?
ASAQ000RA;Raz;Hm. This elevator is locked up tight.;อืม ลิฟต์นี่ล็อคแน่นหนาเลยแฮะ
ASAQ001RA;Raz;Nope. Doesn't look like it's going to budge.;ไม่ได้ผล ดูเหมือนว่ามันจะไม่ขยับเลย
ASAQ002RA;Raz;That's the express elevator up to Doctor Loboto's lab.;นั่นมันลิฟต์ด่วนที่ขึ้นไป**แล็บ**ของด็อกเตอร์**โลโบโต้**
ASAQ003RA;Raz;Hm. Judging from its position...;อืม ดูจากตำแหน่งของมันแล้ว...
ASAQ004RA;Raz;I can take this elevator all they way down to the asylum grounds.;ข้าสามารถใช้ลิฟต์นี้ลงไปถึงพื้นของโรงพยาบาลบ้าได้เลย
ASAQ005RA;Raz;I'm pretty high up. I hope this ride isn't too--;ข้าอยู่สูงมาก หวังว่าการเดินทางครั้งนี้คงจะไม่...
ASAQ006RA;Raz;Scary!;น่ากลัวจนเกินไปนะ!
ASAQ007RA;Raz;Well at least it's fast.;อย่างน้อยมันก็เร็วนะ
ASAR000RA;Raz;Excellent. There it is.;เยี่ยม ตรงนั้นไงล่ะ
ASAR001RA;Raz;Good work, Sheegor. ;ทำได้ดีมาก **ชีกอร์**
ASAR002RA;Raz;Now all we have to do is get it in the Brain Tank somehow.;ตอนนี้สิ่งที่เราต้องทำก็คือ เอามันเข้าไปใน **Brain Tumbler** ให้ได้
ASAS000RA;Raz;Ready to give up that jacket now?;พร้อมที่จะถอดเสื้อนั่นออกรึยัง?
ASAS001FR;Fred;Hey, I'm always ready to give up. Anything!;เฮ้ ข้าพร้อมที่จะยอมแพ้เสมอแหละ ทุกเรื่องเลย!
ASAS002FR;Fred;Oh no! I think I hear the enemy's bugles! They're rallying another attack!;โอ ไม่นะ! ข้าได้ยินเสียงแตรของศัตรู! พวกเขากำลังรวมพลเพื่อโจมตีอีกครั้ง!
ASAS003NP;Napoleon;Huh huh! My blood runs hot with passion for battle!;ฮ่าๆ! เลือดของข้ามันร้อนแรงไปด้วยความปรารถนาในการต่อสู้!
ASAS004FR;Fred;Oh, no. What's this? A secret weapon?;โอ ไม่นะ นี่มันอะไรกัน? อาวุธลับเหรอ?
ASAS005NP;Napoleon;Put me down this instant or I will have you drawn and quartered!;ปล่อยข้าลงเดี๋ยวนี้ ไม่งั้นข้าจะสั่งให้เอา**นาย**ไปแขวนคอแล้วคว้านท้อง!
ASAS006FR;Fred;That's okay, I'm used to getting beat.;ไม่เป็นไร ข้าชินกับการโดนตีแล้ว
ASAS007NP;Napoleon;Ha! Come on. Even Wellington hit harder than that!;ฮ่า! เร็วเข้า แม้แต่เวลลิงตันยังต่อยแรงกว่า**นาย**อีก!
ASAS008FR;Fred;Whoa wait a second...;เดี๋ยวก่อนนะ...
ASAS009FR;Fred;I like war! War is fun! Victory is important to me.;ข้าชอบสงคราม! สงครามมันสนุก! ชัยชนะเป็นสิ่งสำคัญสำหรับข้า
ASAS010NP;Napoleon;No it is not! It is terrible. It is like eating British food every day.;ไม่ใช่อย่างนั้น! มันแย่มาก มันเหมือนกับการกินอาหารอังกฤษทุกวัน!
ASAS011FR;Fred;Oooh, that was weird.;โอ้ นั่นมันแปลก
ASAT000FR;Fred;Zzz Zzz ZzzzzZZ;คร่อกๆๆ
ASAT001FR;Fred;ZZZZzzzZZZZzzz;คร่อกๆๆ
ASAT002FR;Fred;ZzzZZZZZZz-zzzz;คร่อกๆๆ
ASAT003RA;Raz;Hey, Fred.;เฮ้ **เฟร็ด**
ASAT004FR;Fred;Zzzz... What? No. Zzzzz;คร่อก... อะไรนะ? ไม่ คร่อกๆๆ
ASAT005RA;Raz;What are you doing sticking around here?;**นาย**มาทำอะไรแถวนี้เนี่ย?
ASAT006FR;Fred;Well, you know, now that I don't HAVE to play this game anymore...;ก็ **นาย**ก็รู้ ตอนนี้ข้าไม่ต้องเล่นเกมนี้อีกต่อไปแล้ว...
ASAT007FR;Fred;I remembered that it was kind of fun!;ข้าก็เลยนึกขึ้นมาว่ามันก็สนุกดีเหมือนกันนะ!
ASAT008FR;Fred;Just running a couple strategy ideas through my head...;แค่ลองคิดแผนการบางอย่างในหัวของข้าดูน่ะ...
ASAT009FR;Fred;What a haunting sound.;ช่างเป็นเสียงที่หลอนประสาทอะไรเช่นนี้
ASAT010FR;Fred;Nice to meet you Mr. Pokeylope.;ยินดีที่ได้รู้จักนะ **มิสเตอร์โพคีโลพ**
ASAT011FR;Fred;Mm, not today I'm afraid.;อืม วันนี้คงไม่ได้แล้ว ข้าเกรงว่าจะเป็นอย่างนั้น
ASAT012FR;Fred;Hey, Raz. Do you mind? I'm trying to work out a Reverse Carpenter Gambit here...;เฮ้ **แรซ** **นาย**ว่าอะไรมั้ย? ข้ากำลังพยายามคิดกลยุทธ์ Reverse Carpenter Gambit อยู่เนี่ย...
ASAT013FR;Fred;Oh, wait. What? Oh no.. I'm still there!;โอ้ เดี๋ยวก่อน อะไรนะ? โอ้ ไม่นะ ข้ายังอยู่ที่นั่น!
ASAT014FR;Fred;I'm still on the battlefield back in Waterloo. Oh no...;ข้ายังอยู่ในสนามรบที่วอเตอร์ลู โอ้ ไม่นะ...
ASAT015FR;Fred;Wait, hold on. ;เดี๋ยวก่อนนะ
ASAT016FR;Fred;That was strange.;นั่นมันแปลก
ASAU000RA;Raz;Wow, a teddy bear. Those crazy kids...;ว้าว ตุ๊กตาหมี เด็กพวกนั้นนี่มัน...
ASAU001FR;Fred;That's not a teddy bear! That's my Hearty Knight! He's going to storm the castle!;นั่นไม่ใช่ตุ๊กตาหมีนะ! นั่นคืออัศวินผู้กล้าหาญของข้า! เขาจะบุกเข้าโจมตีปราสาท!
ASAU002NP;Napoleon;I will believe that when I see it!;ข้าจะเชื่อก็ต่อเมื่อข้าได้เห็นมัน!
ASAU003RA;Raz;These little lawn gnome guys sure get around.;ไอ้พวกตัวป่วนสนามหญ้าตัวจิ๋วนี่มันไปทั่วเลยจริงๆ
ASAU004FR;Fred;That's my Carpenter. He fixes bridges!;นั่นคือ**ช่างไม้**ของข้า เขาซ่อมสะพาน!
ASAU005NP;Napoleon;Which I love to break! Ha ha!;ซึ่งข้าชอบทำลาย! ฮ่าๆ!
ASAU006RA;Raz;Looks like a rusty old wheel off one of those rusty old gurneys.;ดูเหมือนจะเป็นล้อเก่าๆ ที่เป็นสนิมจากเปลหามเก่าๆ พวกนั้น
ASAU007FR;Fred;Don't make fun of my Militia men! Those guys are hard to recruit!;อย่ามาล้อเลียนกองกำลังติดอาวุธของข้า! พวกนั้นหาตัวยากจะตายไป!
ASAU008NP;Napoleon;Not if they were inspired by their leader, or paid well, or well armed, or even fed!;จะไม่ยากเลย ถ้าพวกเขาได้รับแรงบันดาลใจจากผู้นำ ได้รับค่าตอบแทนที่ดี มีอาวุธครบมือ หรือแม้แต่ได้กินอิ่ม!
ASAU009FR;Fred;I'm trying!;ข้าพยายามอยู่นะ!
ASAU010FR;Fred;Don't bother. They fireproofed this whole building. A lot of the old inmates used to be firestarters, you know.;อย่าไปยุ่งเลย พวกเขาทำให้อาคารนี้ทนไฟได้ทั้งหลัง นักโทษเก่าๆ หลายคนเคยเป็นพวกชอบจุดไฟนะ **นาย**ก็รู้
ASAU011FR;Fred;Oh great! You ruined everything. Now I lost.;โอ้ เยี่ยมเลย! **นาย**ทำลายทุกอย่างหมด ตอนนี้ข้าแพ้แล้ว
ASAU012NP;Napoleon;You were losing anyway.;ยังไง**นาย**ก็แพ้อยู่ดี
ASAU013FR;Fred;Oh just shut up and let me pout alone, will you.;โอ้ หุบปากไปเลย แล้วปล่อยให้ข้าได้งอนอยู่คนเดียวจะได้มั้ย
ASAU014NP;Napoleon;I want to play again!;ข้าอยากเล่นอีก!
ASAU015FR;Fred;Interesting. Well, that's a possible strategy I guess.;น่าสนใจ ก็ นั่นอาจจะเป็นกลยุทธ์ที่เป็นไปได้ ข้าว่านะ
ASAW000ED;Edgar;Must you practice that instrument in here Razputin?;**แรซปูติน** จำเป็นด้วยเหรอที่**นาย**ต้องมาฝึกเล่นเครื่องดนตรีในนี้?
ASAW001ED;Edgar;It is always a pleasure to meet an individual with great taste in boots.;มันเป็นเรื่องน่ายินดีเสมอที่ได้พบกับคนที่รสนิยมดีในการเลือกใส่รองเท้าบูท
ASAW002ED;Edgar;What's that smell? I hope nothing's burning.;นั่นกลิ่นอะไรน่ะ? ข้าหวังว่าจะไม่มีอะไรไหม้นะ
ASAW003ED;Edgar;With all the flammable chemicals I have in here, that would be a disaster.;เพราะข้ามีสารเคมีไวไฟอยู่ในนี้เยอะแยะ ถ้ามีอะไรไหม้ขึ้นมาคงเป็นหายนะแน่ๆ
ASAW004ED;Edgar;Ah, you try my patience, Razputin!;อา **แรซปูติน** **นาย**นี่มันทดสอบความอดทนของข้าจริงๆ!
ASAW005ED;Edgar;Nobody lifts Edgar Teglee!;ไม่มีใครยก**เอ็ดการ์ ทีกลี**ได้หรอก!
ASAW006ED;Edgar;I uh oh... Who chained this building to my leg?;ข้า เอ่อ โอ้ ใครเอาอาคารนี้มาล่ามขาข้าไว้เนี่ย?
ASAW007ED;Edgar;I really wish I had some pastels... Or water colors;ข้า... อยากได้สีพาสเทลจังเลย หรือสีน้ำก็ได้...
ASAX000RA;Raz;Sorry, but did you see a girl--;ขอโทษนะ แต่**เธอ**เห็นเด็กผู้หญิง...
ASAX001RA;Raz;So, did you not see a girl come through here?;สรุปว่า**เธอ**ไม่เห็นเด็กผู้หญิงเดินผ่านมาแถวนี้เลยเหรอ?
ASAX002GL;Gloria;Handsome, I'm not the stage director. I don't track the entrances and exits.;คนหล่อ ข้าไม่ใช่ผู้กำกับเวทีนะ ข้าไม่ได้คอยจับตาดูทางเข้าออก
ASAX003RA;Raz;What are you doing out here, Gloria? ;**กลอเรีย**มาทำอะไรตรงนี้?
ASAX004GL;Gloria;I can't remember the last time I came out here at night. It's so beautiful, isn't it?;ข้าจำไม่ได้แล้วว่าครั้งสุดท้ายที่ข้าออกมาข้างนอกตอนกลางคืนคือเมื่อไหร่ มันสวยงามมากเลย **นาย**ว่ามั้ย?
ASAX005GL;Gloria;These plants could use a little water though. Now where's that hose?;แต่ต้นไม้พวกนี้ต้องการน้ำหน่อยนะ แล้วสายยางอยู่ไหนกัน?
ASAX006GL;Gloria;Ooh, sounds like one of the French horns in the orchestra is a little flat.;โอ้ ฟังเหมือนแตรเฟรนช์ฮอร์นในวงออร์เคสตราจะเสียงเพี้ยนไปหน่อยนะ
ASAX007GL;Gloria;Pleasure to meet you. I'd sign your shell, but I haven't got a pen.;ยินดีที่ได้รู้จัก ข้าอยากจะเซ็นชื่อบนเปลือกของ**นาย**นะ แต่ข้าไม่มีปากกา
ASAX008GL;Gloria;Oooooh...;โอ้...
ASAX009GL;Gloria;Ah, that's fame for you. Red hot one moment, and cooling off the next.;อา นั่นแหละคือชื่อเสียง โด่งดังสุดๆ ในชั่วพริบตา แล้วก็ดับวูบในเวลาต่อมา
ASAX010GL;Gloria;Oooh, now I know this isn't supposed to happen.;โอ้ คราวนี้ข้ารู้แล้วว่ามันไม่ควรจะเกิดขึ้น
ASAX011GL;Gloria;Ooh!;โอ้!
ASAX012GL;Gloria;OoooOooohhh ooohhhooooOOOoo..;โอ้ โอ โอ โอ้...
ASAY000BO;Boyd;Ahh, the call of the pelican. The pelican knows the danger of plastics.;อ๊า เสียงเรียกของนกกระทุง นกกระทุงรู้ถึงอันตรายของพลาสติก
ASAY001RA;Raz;Hey, did you happen to see a girl drop this bracelet?;เฮ้ **นาย**บังเอิญเห็นเด็กผู้หญิงทำสร้อยข้อมืออันนี้ตกไว้รึเปล่า?
ASAY002BO;Boyd;How could I see anything? When we've all got our heads in the sand?;ข้าจะเห็นอะไรได้ยังไง? ในเมื่อพวกเราทุกคนเอาแต่ก้มหน้าก้มตาอยู่กับทราย?
ASAY003BO;Boyd;Nothing can distract me from the mission. ;ไม่มีอะไรสามารถเบี่ยงเบนความสนใจของข้าไปจากภารกิจได้
ASAY004BO;Boyd;I will not rest until I've delivered the milk.;ข้าจะไม่หยุดพักจนกว่าข้าจะได้ส่งนม
ASAZ000RA;Raz;Man, something that ugly really should be burned.;ให้ตายสิ ของที่น่าเกลียดขนาดนั้นมันควรจะถูกเผาทิ้งไปซะ
ASBA000SA;Sasha;Teeee Veeee.;ทีวี
ASBA001SA;Sasha;Razputin, instead of that why don't you help me free Ms. Zanotto?;**แรซปูติน** แทนที่จะทำอย่างนั้น ทำไม**นาย**ไม่มาช่วยข้าปลดปล่อยคุณ**ซาน็อตโต้**ล่ะ?
ASBB001MI;Milla;That's nice, darling, but why don't you help us instead?;ดีมากที่รัก แต่ทำไม**นาย**ไม่มาช่วยพวกเราแทนล่ะ?
ASBC000RA;Raz;Okay, then we'll talk about that making out thing later.;โอเค งั้นเราค่อยคุยเรื่องจู๋จี๋กันทีหลังนะ
ASBC001LI;Lili;"Why do boys have no concept of a ""moment?""";"ทำไมผู้ชายถึงไม่เข้าใจคำว่า ""ช่วงเวลา"" บ้างเลยนะ?"
ASBC002LI;Lili;THAT was a moment. THIS is not a moment. Sheesh.;นั่นมันเป็นช่วงเวลา ตอนนี้ไม่ใช่ช่วงเวลา เข้าใจมั้ยเนี่ย
ASBC003RA;Raz;Hey, hey. I totally understand. I swear.;เฮ้ๆ ข้าเข้าใจแล้ว สาบานได้เลย
ASBC004RA;Raz;So is this going to be like... an open mouth kiss, or--;แล้วนี่มันจะเป็นแบบ... จูบเปิดปาก หรือว่า...
ASBC005LI;Lili;Raz! Go get Sasha and Milla's brains back so you can all bust me out of here!;**แรซ**! ไปเอาสมองของ**ซาช่า**กับ**มิลล่า**กลับมา พวก**นาย**ทุกคนจะได้ช่วยข้าออกไปจากที่นี่ได้!
ASBC006RA;Raz;Right!;รับทราบ!
ASZG000TO;System;Excellent find! A fellow cadet's brain! If you take it back to Ford Cruller for recranialization, your total mental health potential will be increased!;ค้นพบที่ยอดเยี่ยม! สมองของเพื่อนนักเรียนพลังจิต! หากนำกลับไปให้**ฟอร์ด ครอลเลอร์**ทำการ **Recranialization** ศักยภาพด้านสุขภาพจิตโดยรวมของ**นาย**จะเพิ่มขึ้น!
ASZF000TO;System;Punch jar to free brain.;ทุบไหเพื่อเอาสมองออกมา
ASBD002RA;Raz;I don't think I can fit that jar in my backpack, but if I busted out the brain... I'll bet they compress nicely.;ข้าว่าข้าคงใส่ไหลงในกระเป๋าเป้ไม่ได้ แต่ถ้าข้าเอาสมองออกมา... ข้าพนันเลยว่ามันจะบีบอัดได้ดี
ASBD003RA;Raz;Bobby Zilch? I didn't know you had a brain. Heh heh. Man, I wish you were here for that joke, Bobby.;**บ๊อบบี้ ซิลช์**? ข้าไม่รู้เลยนะเนี่ยว่า**นาย**มีสมอง ฮึๆ ให้ตายสิ ข้าอยากให้**นาย**มาได้ยินมุกตลกนี้จังเลย **บ๊อบบี้**
ASBD004RA;Raz;Dogen Boole! I told you I'd get your brain back!;**โดเกน บูล**! ข้าบอกแล้วไงว่าข้าจะเอาสมองของ**นาย**กลับมาให้ได้!
ASBD005RA;Raz;Benny. Huh. I thought it would be smaller.;**เบนนี่** ฮึ ข้าคิดว่ามันจะเล็กกว่านี้ซะอีก
ASBD006RA;Raz;Elka Doom. Maybe I should let J.T. have some time alone before I return this brain.;**เอลก้า ดูม** บางทีข้าควรจะให้**เจ.ที.**ได้อยู่คนเดียวสักพักก่อนที่ข้าจะคืนสมองนี้ให้
ASBD007RA;Raz;Kitty's brain. You know, I hate to say it, but it IS better groomed than the rest of the brains. ;สมองของ**คิตตี้** รู้มั้ย ข้าก็ไม่อยากจะพูดหรอกนะ แต่มันได้รับการดูแลดีกว่าสมองที่เหลือจริงๆ
ASBD008RA;Raz;How Chloe sneezed this one through that helmet, we'll never know.;**โคลอี้**เอามันออกมาจากหมวกนั่นได้ยังไง พวกเราคงไม่มีวันรู้เลย
ASBD009RA;Raz;Don't worry, Franke. I'll put this one right next to Kitty's.;ไม่ต้องห่วงนะ**แฟรงกี้** ข้าจะเอาอันนี้ไปวางไว้ข้างๆ ของ**คิตตี้**เลย
ASBD010RA;Raz;J.T.'s brain? How'd this little dogie get out of the pen?;สมองของ เจ.ที. งั้นเหรอ? ไอ้ลูกหมาตัวน้อยนี่ออกมาจากคอกได้ยังไงเนี่ย?
ASBD011RA;Raz;Yo, Quentin. Good to see your brain again.;ไง เควนติน ดีใจนะที่ได้เจอสมองนายอีกครั้งน่ะ
ASBD012RA;Raz;How can something as small as Vernon's brain hold so many boring stories?;เรื่องน่าเบื่อเยอะแยะขนาดนี้ มันเข้าไปอยู่ในสมองเล็กๆ ของ เวอร์นอน ได้ยังไงกันนะ?
ASBD013RA;Raz;I'm surprised Milka's brain doesn't go invisible when I get close to it.;ฉันแปลกใจนะเนี่ย ที่สมองของ มิลก้า ไม่หายตัวไปตอนที่ฉันเข้าใกล้น่ะ
ASBD014RA;Raz;Yay! Woo-hoo! Crystal's brain! Let's hear it for thinking!;เย้! วู้ฮู้! สมองของ คริสตัล! ขอเสียงให้กับการคิดหน่อยเร็ว!
ASBD015RA;Raz;Clem's brain! Three cheers for brains! ;สมองของ เคลม! ขอเสียงให้สมองหน่อย!
ASBD016RA;Raz;To think that every cell in Nils' brain is dedicated to the ladies.;คิดดูสิว่าทุกเซลล์ในสมองของ นีลส์ อุทิศให้กับสาวๆ ทั้งนั้นเลยนะเนี่ย
ASBD017RA;Raz;Better give Maloof's brain to Mikhail ASAP so he can protect it.;รีบเอาสมองของ มาลูฟ ไปให้ มิคิล ด่วนเลยดีกว่า หมอนั่นจะได้ปกป้องมันได้
ASBD018RA;Raz;Welcome back to the thinking world, Mikhail.;ยินดีต้อนรับกลับสู่โลกแห่งความคิดนะ มิคิล
ASBD019RA;Raz;Huh. Phoebe's brain is warmer than the others'.;หืม สมองของ ฟีบี้ อุ่นกว่าของคนอื่นๆ อีกนะเนี่ย
ASBD020RA;Raz;Elton, what can I tell you? You were right. The old legends were true.;เอลตัน ฉันจะบอกอะไรให้นายรู้ไหม? นายพูดถูกแล้ว เรื่องเล่าเก่าๆ พวกนั้นเป็นเรื่องจริง
ASBD021RA;Raz;Chops. What is up, eh?;ชอปส์ เป็นไงบ้างเพื่อน?
ASBE000RA;Raz;That poor little turtle. If only I could reach in there and save him! But I can't!;เต่าน้อยน่าสงสาร ถ้าฉันเอื้อมมือเข้าไปช่วยเขาได้ก็คงดี! แต่ฉันทำไม่ได้!
ASBE001LO;Dr.Loboto;(sniff, sniff);(สูดดม)
ASBE002LO;Dr.Loboto;Mmmmm. Do I smell... turtle soup?;อืมมมมม นี่มันกลิ่น... ซุปเต่าเหรอเนี่ย?
ASBG000RA;Raz;Mr. Pokeylope, if you could move just under that hole there?;มิสเตอร์โพคีโลพ ถ้าคุณขยับไปอยู่ใต้รูตรงนั้นหน่อยได้ไหมครับ?
ASBG001RA;Raz;Then I could lift you straight out.;ผมจะได้ยกคุณขึ้นมาได้ง่ายๆ เลยไงครับ
ASBG002RA;Raz;Could you do that for me? Huh?;ช่วยผมหน่อยได้ไหมครับ? นะ?
ASBH000RA;Raz;I'd never get it past that psychic shield.;ฉันไม่มีทางเอาชนะเกราะพลังจิตนั่นได้หรอก
ASBH001RA;Raz;And anyway, now's not the time for turtle brain diving!;และยังไงซะ นี่มันไม่ใช่เวลามาดำดิ่งเข้าไปในสมองเต่านะ!
ASBH002PL;Mr.Pokeylope;Man, that song reminds me of this fine chick I used to date.;เฮ้ เพลงนี้มันทำให้ผมนึกถึงสาวสวยที่ผมเคยเดทด้วยเลยนะเนี่ย
ASBH003PL;Mr.Pokeylope;Hmmmmmmm.;ฮืมมมมมม
ASBH004PL;Mr.Pokeylope;Hey now, when I get into that Brain Tank, I'll have a choice of who to shoot, understand?;นี่ๆ ฟังนะ พอผมเข้าไปอยู่ใน Brain Tank นั่นแล้ว ผมจะเลือกได้ว่าจะยิงใคร เข้าใจไหม?
ASBI000RA;Raz;There's the Brain Tank from my vision!;นั่นไง Brain Tank ที่อยู่ในนิมิตของฉัน!
ASBI001RA;Raz;"It says ""Scale Prototype"" on the side, ""1/4 actual size.""";"ตรงด้านข้างเขียนว่า ""Scale Prototype"" ขนาด ""1/4 ของขนาดจริง"""
ASBI002RA;Raz;Uh oh...;เอ่อ โอ...
ASBI003LO;Dr.Loboto;Hey, what was that? Perhaps I should turn around slowly to see who's there...;เฮ้ นั่นเสียงอะไรน่ะ? หรือว่าฉันควรจะหันหลังกลับไปช้าๆ เพื่อดูว่าใครอยู่ตรงนั้น...
ASBJ000ED;Edgar;Oh, great. Now what am I supposed to do?;โอ้ เยี่ยมไปเลย แล้วทีนี้ฉันควรจะทำยังไงดีเนี่ย?
ASBJ001ED;Edgar;It's not like I can reach a regular restroom when I'm all chained up like this.;มันไม่ใช่ว่าฉันจะเข้าห้องน้ำปกติได้นะ ในเมื่อถูกล่ามโซ่แบบนี้
ASBK000RA;Raz;There he is, Doctor Loboto.;เขานั่นไง ดร.โลโบโต้
ASBK001RA;Raz;I feel like I know him so well, having practically lived in his skin earlier today.;ผมรู้สึกเหมือนรู้จักเขาดีมากๆ เลย เหมือนกับว่าเมื่อตอนบ่ายผมได้เข้าไปอยู่ในตัวเขามาแล้วยังไงยังงั้น
ASBK002RA;Raz;I'd never get it through that shield. ;ฉันไม่มีทางเอาชนะเกราะนั่นได้หรอก
ASBK003RA;Raz;And some minds, I really just don't want to see.;แล้วก็มีจิตใจบางดวง ที่ฉันไม่อยากจะเห็นจริงๆ
ASBK004RA;Raz;Alright, so maybe I do, but I still can't get in there.;เอาล่ะ ถึงฉันอยากจะเห็น แต่ฉันก็ยังเข้าไปไม่ได้อยู่ดี
ASBM001GL;Gloria;I believe I shall happily retire... while I'm still young.;ฉันเชื่อว่าฉันจะเกษียณอย่างมีความสุข... ในขณะที่ฉันยังสาวอยู่นะ
ASBN000BO;Boyd;You, you're part of it! Stay away!;แก แกก็เป็นส่วนหนึ่งของเรื่องนี้! ออกไปให้พ้น!
ASBP000GL;Gloria;You can walk away from the stage young man, but show business will always be a part of you.;นายเดินจากเวทีไปได้นะหนุ่มน้อย แต่การแสดงมันจะอยู่ในตัวนายตลอดไป
ASBM000GL;Gloria;Handsome, the spotlight is all yours.;หล่อเอ๊ย แสงไฟเป็นของนายแล้ว
ASBF004ED;Edgar;Gahh! Sorry. Another bad flashback.;อ๊าก! ขอโทษทีนะ แค่ภาพในอดีตมันหวนกลับมาอีกแล้วน่ะ
ASZB000TO;System;Lungfish Call;เรียกปลาปอด
ASZB001TO;System;Straitjacket;เสื้อรัดแขน
ASZB002TO;System;Birthday Cake;เค้กวันเกิด
ASZE000TO;System;Got the Straitjacket;ได้รับ เสื้อรัดแขน
ASZB003TO;System;Gloria's Trophy;ถ้วยรางวัลของ กลอเรีย
ASZB004TO;System;Loboto's Portrait;รูปเหมือนของ โลโบโต้
ASZB005TO;System;Lili's Bracelet;กำไลข้อมือของ ลิลี่
ASZB006TO;System;Pokeylope;โพคีโลพ
ASZF001TO;System;/Loboto/ From the Desk of Dr. Caligosto Loboto, D.D.S. Please be advised that I have taken measures to protect my patient, Crispin Whytehead, from any and all invasive psychic procedures.;/Loboto/ จากโต๊ะทำงานของ ดร. Caligosto Loboto, D.D.S. โปรดทราบว่าผมได้ใช้มาตรการเพื่อปกป้องคนไข้ของผม คริสปิน ไวท์เฮด จากการบุกรุกทางพลังจิตทุกรูปแบบแล้ว
ASZF002TO;System;Even if your name is Coach Oleander and even if I am currently working with you to take over the world, that doesn't give you the right to recruit away my elevator operator with your little mental tricks!;ถึงแม้ว่าคุณจะมีชื่อว่า โค้ช โอลีแอนเดอร์ และถึงแม้ว่าตอนนี้ผมจะทำงานร่วมกับคุณเพื่อยึดครองโลก นั่นก็ไม่ได้ให้สิทธิ์คุณในการเกณฑ์คนควบคุมลิฟต์ของผมไปด้วยกลเม็ดทางจิตใจเล็กๆ น้อยๆ ของคุณนะ!
ASZB007TO;System;Bobby's Brain;สมองของ บ๊อบบี้
ASZB008TO;System;Dogen's Brain;สมองของ โดเกน
ASZB009TO;System;Benny's Brain;สมองของ เบนนี่
ASZB010TO;System;Elka's Brain;สมองของ เอลก้า
ASZB011TO;System;Kitty's Brain;สมองของ คิตตี้
ASZB012TO;System;Chloe's Brain;สมองของ โคลอี้
ASZB013TO;System;Franke's Brain;สมองของ แฟรงกี้
ASZB014TO;System;J.T.'s Brain;สมองของ เจ.ที.
ASZB015TO;System;Quentin's Brain;สมองของ เควนติน
ASZB016TO;System;Vernon's Brain;สมองของ เวอร์นอน
ASZB017TO;System;Milka's Brain;สมองของ มิลก้า
ASZB018TO;System;Crystal's Brain;สมองของ คริสตัล
ASZB019TO;System;Clem's Brain;สมองของ เคลม
ASZB020TO;System;Nils' Brain;สมองของ นีลส์
ASZB021TO;System;Maloof's Brain;สมองของ มาลูฟ
ASZB022TO;System;Mikhail's Brain;สมองของ มิคิล
ASZB023TO;System;Phoebe's Brain;สมองของ ฟีบี้
ASZB024TO;System;Elton's Brain;สมองของ เอลตัน
ASZB025TO;System;Chops' Brain;สมองของ ชอปส์
ASAY005BO;Boyd;"Wait a minute. I think there might not be a conspiracy after all. It's possible I am suffering from paranoid delusions, linked to an entity I call ""the Milkman"" who is, in actuality...";"เดี๋ยวก่อนนะ ผมว่ามันอาจจะไม่มีเรื่องสมรู้ร่วมคิดอะไรทั้งนั้นก็ได้นะ เป็นไปได้ว่าผมกำลังทนทุกข์ทรมานจากอาการหลงผิดหวาดระแวง ที่เชื่อมโยงกับสิ่งที่ผมเรียกว่า ""คนส่งนม"" ซึ่งจริงๆ แล้ว..."
ASAY006BO;Boyd;...the mummified remains of Abraham Lincoln!;...คือซากมัมมี่ของ อับราฮัม ลินคอล์น!
ASZB026TO;System;Crow Feather;ขนนกกา
ASZA000TO;System;I'm getting the feeling that you won't get too far with this fella until you earn the power of TELEKINESIS. You'll earn that power at RANK 20. Do you still want to jump in and try?;ระบบรู้สึกว่า นายจะไม่สามารถไปได้ไกลกว่านี้ ถ้าไม่ได้รับพลัง TELEKINESIS เสียก่อน ซึ่งนายจะได้รับพลังนั้นเมื่อ Rank 20 นายยังอยากจะลองเข้าไปอีกไหม?
ASZA001TO;System;Jump in;เข้าไปเลย
ASZA002TO;System;Come back later;กลับมาใหม่คราวหลัง
ASZA003TO;System;I'm getting the feeling that you won't get too far with this gal until you earn the power of INVISIBILITY. You'll earn that at RANK 30. Do you still want to jump in and try?;ระบบรู้สึกว่า นายจะไม่สามารถไปได้ไกลกว่านี้ ถ้าไม่ได้รับพลังล่องหนเสียก่อน ซึ่งนายจะได้รับพลังนั้นเมื่อ Rank 30 นายยังอยากจะลองเข้าไปอีกไหม?
ASZA004TO;System;I'm getting the feeling that you won't get too far with this fella until you earn the power of INVISIBILITY. You'll earn that at RANK 30. Do you still want to jump in and try?;ระบบรู้สึกว่า นายจะไม่สามารถไปได้ไกลกว่านี้ ถ้าไม่ได้รับพลังล่องหนเสียก่อน ซึ่งนายจะได้รับพลังนั้นเมื่อ Rank 30 นายยังอยากจะลองเข้าไปอีกไหม?
ASBQ000RA;Raz;Yes! I got a brain!;ใช่! ผมได้สมองมาแล้ว!
ASBQ001FO;Ford;Finally! Now your ears won't whistle so much when the wind blows!;ในที่สุด! ทีนี้หูนายคงไม่หวีดหวิวเวลาลมพัดแล้วล่ะสิ!
ASBQ002FO;Ford;Ha ha!;ฮ่า ฮ่า!
ASBQ003RA;Raz;No, I meant I recovered a stolen brain.;เปล่านะครับ ผมหมายถึงผมเอากู้สมองที่ถูกขโมยมาได้น่ะครับ
ASBQ004FO;Ford;Oh, I knew what you meant. Sheesh. You and Sasha--no sense of humor when you're on a mission, hmm?;โอ้ ฉันรู้แล้วน่า เชอะ พวกนายกับ ซาช่า นี่ไม่มีอารมณ์ขันกันเลยเวลาทำภารกิจเนี่ยนะ หืม?
ASBQ005FO;Ford;Well, are you gonna come back here so we can recranialize that noodle while it's still al dente?;ว่าแต่ นายจะกลับมาที่นี่ไหม เราจะได้ใส่สมองกลับเข้าไปในกะโหลกตอนที่มันยังสดใหม่อยู่น่ะ?
ASBS002BO;Boyd;Ah! I'm telling you! I don't know where the Milkman is!;อ๊า! ผมบอกแล้วไง! ผมไม่รู้ว่าคนส่งนมอยู่ที่ไหน!
ASZA005TO;System;I'm getting the feeling that you won't get too far with this fella until you come see me for your TELEKINESIS training. Do you still want to jump in and try?;ระบบรู้สึกว่า นายจะไม่สามารถไปได้ไกลกว่านี้ ถ้าไม่มาหาฉันเพื่อฝึก TELEKINESIS ก่อนน่ะ นายยังอยากจะลองเข้าไปอีกไหม?
ASZA006TO;System;I'm getting the feeling that you won't get too far with this gal until you come see me for your INVISIBILITY training. Do you still want to jump in and try?;ระบบรู้สึกว่า นายจะไม่สามารถไปได้ไกลกว่านี้ ถ้าไม่มาหาฉันเพื่อฝึกพลังล่องหนก่อนน่ะ นายยังอยากจะลองเข้าไปอีกไหม?
ASZA007TO;System;I'm getting the feeling that you won't get too far with this fella until you come see me for your INVISIBILITY training. Do you still want to jump in and try?;ระบบรู้สึกว่า นายจะไม่สามารถไปได้ไกลกว่านี้ ถ้าไม่มาหาฉันเพื่อฝึกพลังล่องหนก่อนน่ะ นายยังอยากจะลองเข้าไปอีกไหม?
ASZA008TO;System;Now this guy has some bad MENTAL COBWEBS for sure. You won't get too far in here until you buy a COBWEB DUSTER at the camp store. You still want to jump in and try?;หมอนี่มี หยากไย่ ในใจเยอะแยะเลยนะเนี่ย นายจะไม่สามารถเข้าไปได้ไกลกว่านี้ จนกว่าจะซื้อ เครื่องดูดหยากไย่ จากร้านค้าในแคมป์เสียก่อนน่ะ นายยังอยากจะลองเข้าไปอีกไหม?
ASBU000RA;Raz;I hate that guy.;ผมเกลียดหมอนั่น
ASAY007RA;Raz;Hey, Boyd. Why are you trying to burn down the asylum?;นี่ บอยด์ ทำไมนายถึงพยายามจะเผาโรงพยาบาลบ้าเนี่ย?
ASAY008BO;Boyd;I am the Milkman.;ผมคือคนส่งนม
ASAY009BO;Boyd;My employer has commissioned me to deliver this milk, to whitewash what went on here.;เจ้านายของผมมอบหมายให้ผมมาส่งนมนี้ เพื่อลบล้างสิ่งที่เกิดขึ้นที่นี่
ASAY010BO;Boyd;I make sure no evidence is left of anything, except for milk.;ผมจะทำให้แน่ใจว่าจะไม่มีหลักฐานอะไรหลงเหลืออยู่อีก นอกจากนม
ASAY011BO;Boyd;I cannot rest until I have made my final delivery.;ผมจะพักผ่อนไม่ได้จนกว่าจะส่งนมครั้งสุดท้ายเสร็จ
ASAT017RA;Raz;Snap out of it!;ได้สติหน่อยสิ!
ASAX013RA;Raz;No, I want it.;ไม่ ผมต้องการมัน
ASZE001TO;System;Entering Asylum;กำลังเข้าไปในโรงพยาบาลบ้า
ASZE002TO;System;Exiting Asylum;กำลังออกจากโรงพยาบาลบ้า
ASAY012BO;Boyd;Ah! They've come for me! They are taking me away!;อ๊า! พวกมันมาจับผมแล้ว! พวกมันกำลังพาผมไป!
ASAY013BO;Boyd;Oh, no! It's happening again!;โอ ไม่นะ! มันกำลังจะเกิดขึ้นอีกแล้ว!
ASAY014BO;Boyd;Spontaneous combustion! From the government LSD tests!;การลุกไหม้เอง! จากการทดสอบ LSD ของรัฐบาล!
ASAY015BO;Boyd;Whew!;วู้!
ASZE003TO;System;Entering Gloria's Garden;กำลังเข้าไปในสวนของ กลอเรีย
ASBC007LI;Lili;Oooh-ooooh...;โอ้...
ASZE004TO;System;To the Asylum Grounds;ไปยังลานของโรงพยาบาลบ้า
ASZE005TO;System;To the Asylum Courtyard;ไปยังลานภายในของโรงพยาบาลบ้า
ASZE006TO;System;To the Upper Floors;ไปยังชั้นบน
ASZE007TO;System;To the Laboratory;ไปยังห้องแล็บ
